Year,Month,WaterYear,CSMeanTempC,CSPrecipitationmm,Runoffmm,StrCamgL,StrDOCmgL,StrNH4NmgL,StrNO3NmgL,StrPO4PmgL,StrSO4SmgL,depNH4Nkgha,depNO3Nkgha,depTotNkgha,depSO4Skgha,NAMGridTempC,NAMGridPrecipitationmm
1964,6,1965,N/A,N/A,N/A,N/A,N/A,N/A,N/A,N/A,N/A,N/A,N/A,N/A,N/A,N/A,N/A
1964,7,1965,N/A,N/A,N/A,N/A,N/A,N/A,N/A,N/A,N/A,N/A,N/A,N/A,N/A,N/A,N/A
1964,8,1965,N/A,N/A,N/A,N/A,N/A,N/A,N/A,N/A,N/A,N/A,N/A,N/A,N/A,N/A,N/A
1964,9,1965,N/A,N/A,N/A,N/A,N/A,N/A,N/A,N/A,N/A,N/A,N/A,N/A,N/A,N/A,N/A
1964,10,1965,N/A,N/A,N/A,N/A,N/A,N/A,N/A,N/A,N/A,N/A,N/A,N/A,N/A,N/A,N/A
1964,11,1965,N/A,N/A,N/A,N/A,N/A,N/A,N/A,N/A,N/A,N/A,N/A,N/A,N/A,N/A,N/A
1964,12,1965,N/A,N/A,N/A,N/A,N/A,N/A,N/A,N/A,N/A,N/A,N/A,N/A,N/A,N/A,N/A
1965,1,1965,N/A,N/A,N/A,N/A,N/A,N/A,N/A,N/A,N/A,N/A,N/A,N/A,N/A,N/A,N/A
1965,2,1965,N/A,N/A,N/A,N/A,N/A,N/A,N/A,N/A,N/A,N/A,N/A,N/A,N/A,N/A,N/A
1965,3,1965,N/A,N/A,N/A,N/A,N/A,N/A,N/A,N/A,N/A,N/A,N/A,N/A,N/A,N/A,N/A
1965,4,1965,N/A,N/A,N/A,N/A,N/A,N/A,N/A,N/A,N/A,N/A,N/A,N/A,N/A,N/A,N/A
1965,5,1965,N/A,N/A,N/A,N/A,N/A,N/A,N/A,N/A,N/A,N/A,N/A,N/A,N/A,N/A,N/A
1965,6,1966,N/A,N/A,N/A,N/A,N/A,N/A,N/A,N/A,N/A,N/A,N/A,N/A,N/A,N/A,N/A
1965,7,1966,N/A,N/A,N/A,N/A,N/A,N/A,N/A,N/A,N/A,N/A,N/A,N/A,N/A,N/A,N/A
1965,8,1966,N/A,N/A,N/A,N/A,N/A,N/A,N/A,N/A,N/A,N/A,N/A,N/A,N/A,N/A,N/A
1965,9,1966,N/A,N/A,N/A,N/A,N/A,N/A,N/A,N/A,N/A,N/A,N/A,N/A,N/A,N/A,N/A
1965,10,1966,N/A,N/A,N/A,N/A,N/A,N/A,N/A,N/A,N/A,N/A,N/A,N/A,N/A,N/A,N/A
1965,11,1966,N/A,N/A,N/A,N/A,N/A,N/A,N/A,N/A,N/A,N/A,N/A,N/A,N/A,N/A,N/A
1965,12,1966,N/A,N/A,N/A,N/A,N/A,N/A,N/A,N/A,N/A,N/A,N/A,N/A,N/A,N/A,N/A
1966,1,1966,N/A,N/A,N/A,N/A,N/A,N/A,N/A,N/A,N/A,N/A,N/A,N/A,N/A,N/A,N/A
1966,2,1966,N/A,N/A,N/A,N/A,N/A,N/A,N/A,N/A,N/A,N/A,N/A,N/A,N/A,N/A,N/A
1966,3,1966,N/A,N/A,N/A,N/A,N/A,N/A,N/A,N/A,N/A,N/A,N/A,N/A,N/A,N/A,N/A
1966,4,1966,N/A,N/A,N/A,N/A,N/A,N/A,N/A,N/A,N/A,N/A,N/A,N/A,N/A,N/A,N/A
1966,5,1966,N/A,N/A,N/A,N/A,N/A,N/A,N/A,N/A,N/A,N/A,N/A,N/A,N/A,N/A,N/A
1966,6,1967,N/A,N/A,N/A,N/A,N/A,N/A,N/A,N/A,N/A,N/A,N/A,N/A,N/A,N/A,N/A
1966,7,1967,N/A,N/A,N/A,N/A,N/A,N/A,N/A,N/A,N/A,N/A,N/A,N/A,N/A,N/A,N/A
1966,8,1967,N/A,N/A,N/A,N/A,N/A,N/A,N/A,N/A,N/A,N/A,N/A,N/A,N/A,N/A,N/A
1966,9,1967,N/A,N/A,N/A,N/A,N/A,N/A,N/A,N/A,N/A,N/A,N/A,N/A,N/A,N/A,N/A
1966,10,1967,N/A,N/A,N/A,N/A,N/A,N/A,N/A,N/A,N/A,N/A,N/A,N/A,N/A,N/A,N/A
1966,11,1967,N/A,N/A,N/A,N/A,N/A,N/A,N/A,N/A,N/A,N/A,N/A,N/A,N/A,N/A,N/A
1966,12,1967,N/A,N/A,N/A,N/A,N/A,N/A,N/A,N/A,N/A,N/A,N/A,N/A,N/A,N/A,N/A
1967,1,1967,N/A,N/A,N/A,N/A,N/A,N/A,N/A,N/A,N/A,N/A,N/A,N/A,N/A,N/A,N/A
1967,2,1967,N/A,N/A,N/A,N/A,N/A,N/A,N/A,N/A,N/A,N/A,N/A,N/A,N/A,N/A,N/A
1967,3,1967,N/A,N/A,N/A,N/A,N/A,N/A,N/A,N/A,N/A,N/A,N/A,N/A,N/A,N/A,N/A
1967,4,1967,N/A,N/A,N/A,N/A,N/A,N/A,N/A,N/A,N/A,N/A,N/A,N/A,N/A,N/A,N/A
1967,5,1967,N/A,N/A,N/A,N/A,N/A,N/A,N/A,N/A,N/A,N/A,N/A,N/A,N/A,N/A,N/A
1967,6,1968,N/A,N/A,N/A,N/A,N/A,N/A,N/A,N/A,N/A,N/A,N/A,N/A,N/A,N/A,N/A
1967,7,1968,N/A,N/A,N/A,N/A,N/A,N/A,N/A,N/A,N/A,N/A,N/A,N/A,N/A,N/A,N/A
1967,8,1968,N/A,N/A,N/A,N/A,N/A,N/A,N/A,N/A,N/A,N/A,N/A,N/A,N/A,N/A,N/A
1967,9,1968,N/A,N/A,N/A,N/A,N/A,N/A,N/A,N/A,N/A,N/A,N/A,N/A,N/A,N/A,N/A
1967,10,1968,N/A,N/A,N/A,N/A,N/A,N/A,N/A,N/A,N/A,N/A,N/A,N/A,N/A,N/A,N/A
1967,11,1968,N/A,N/A,N/A,N/A,N/A,N/A,N/A,N/A,N/A,N/A,N/A,N/A,N/A,N/A,N/A
1967,12,1968,N/A,N/A,N/A,N/A,N/A,N/A,N/A,N/A,N/A,N/A,N/A,N/A,N/A,N/A,N/A
1968,1,1968,N/A,N/A,N/A,N/A,N/A,N/A,N/A,N/A,N/A,N/A,N/A,N/A,N/A,N/A,N/A
1968,2,1968,N/A,N/A,N/A,N/A,N/A,N/A,N/A,N/A,N/A,N/A,N/A,N/A,N/A,N/A,N/A
1968,3,1968,N/A,N/A,N/A,N/A,N/A,N/A,N/A,N/A,N/A,N/A,N/A,N/A,N/A,N/A,N/A
1968,4,1968,N/A,N/A,N/A,N/A,N/A,N/A,N/A,N/A,N/A,N/A,N/A,N/A,N/A,N/A,N/A
1968,5,1968,N/A,N/A,N/A,N/A,N/A,N/A,N/A,N/A,N/A,N/A,N/A,N/A,N/A,N/A,N/A
1968,6,1969,N/A,N/A,N/A,N/A,N/A,N/A,N/A,N/A,N/A,N/A,N/A,N/A,N/A,N/A,N/A
1968,7,1969,N/A,N/A,N/A,N/A,N/A,N/A,N/A,N/A,N/A,N/A,N/A,N/A,N/A,N/A,N/A
1968,8,1969,N/A,N/A,N/A,N/A,N/A,N/A,N/A,N/A,N/A,N/A,N/A,N/A,N/A,N/A,N/A
1968,9,1969,N/A,N/A,N/A,N/A,N/A,N/A,N/A,N/A,N/A,N/A,N/A,N/A,N/A,N/A,N/A
1968,10,1969,N/A,N/A,N/A,N/A,N/A,N/A,N/A,N/A,N/A,N/A,N/A,N/A,N/A,N/A,N/A
1968,11,1969,N/A,N/A,N/A,N/A,N/A,N/A,N/A,N/A,N/A,N/A,N/A,N/A,N/A,N/A,N/A
1968,12,1969,N/A,N/A,N/A,N/A,N/A,N/A,N/A,N/A,N/A,N/A,N/A,N/A,N/A,N/A,N/A
1969,1,1969,N/A,N/A,N/A,N/A,N/A,N/A,N/A,N/A,N/A,N/A,N/A,N/A,N/A,N/A,N/A
1969,2,1969,N/A,N/A,N/A,N/A,N/A,N/A,N/A,N/A,N/A,N/A,N/A,N/A,N/A,N/A,N/A
1969,3,1969,N/A,N/A,N/A,N/A,N/A,N/A,N/A,N/A,N/A,N/A,N/A,N/A,N/A,N/A,N/A
1969,4,1969,N/A,N/A,N/A,N/A,N/A,N/A,N/A,N/A,N/A,N/A,N/A,N/A,N/A,N/A,N/A
1969,5,1969,N/A,N/A,N/A,N/A,N/A,N/A,N/A,N/A,N/A,N/A,N/A,N/A,N/A,N/A,N/A
1969,6,1970,N/A,N/A,N/A,N/A,N/A,N/A,N/A,N/A,N/A,N/A,N/A,N/A,N/A,N/A,N/A
1969,7,1970,N/A,N/A,N/A,N/A,N/A,N/A,N/A,N/A,N/A,N/A,N/A,N/A,N/A,N/A,N/A
1969,8,1970,N/A,N/A,N/A,N/A,N/A,N/A,N/A,N/A,N/A,N/A,N/A,N/A,N/A,N/A,N/A
1969,9,1970,N/A,N/A,N/A,N/A,N/A,N/A,N/A,N/A,N/A,N/A,N/A,N/A,N/A,N/A,N/A
1969,10,1970,N/A,N/A,N/A,N/A,N/A,N/A,N/A,N/A,N/A,N/A,N/A,N/A,N/A,N/A,N/A
1969,11,1970,N/A,N/A,N/A,N/A,N/A,N/A,N/A,N/A,N/A,N/A,N/A,N/A,N/A,N/A,N/A
1969,12,1970,N/A,N/A,N/A,N/A,N/A,N/A,N/A,N/A,N/A,N/A,N/A,N/A,N/A,N/A,N/A
1970,1,1970,N/A,N/A,N/A,N/A,N/A,N/A,N/A,N/A,N/A,N/A,N/A,N/A,N/A,N/A,N/A
1970,2,1970,N/A,N/A,N/A,N/A,N/A,N/A,N/A,N/A,N/A,N/A,N/A,N/A,N/A,N/A,N/A
1970,3,1970,N/A,N/A,N/A,N/A,N/A,N/A,N/A,N/A,N/A,N/A,N/A,N/A,N/A,N/A,N/A
1970,4,1970,N/A,N/A,N/A,N/A,N/A,N/A,N/A,N/A,N/A,N/A,N/A,N/A,N/A,N/A,N/A
1970,5,1970,N/A,N/A,N/A,N/A,N/A,N/A,N/A,N/A,N/A,N/A,N/A,N/A,N/A,N/A,N/A
1970,6,1971,N/A,N/A,N/A,N/A,N/A,N/A,N/A,N/A,N/A,N/A,N/A,N/A,N/A,N/A,N/A
1970,7,1971,N/A,N/A,N/A,N/A,N/A,N/A,N/A,N/A,N/A,N/A,N/A,N/A,N/A,N/A,N/A
1970,8,1971,N/A,N/A,N/A,N/A,N/A,N/A,N/A,N/A,N/A,N/A,N/A,N/A,N/A,N/A,N/A
1970,9,1971,N/A,N/A,N/A,N/A,N/A,N/A,N/A,N/A,N/A,N/A,N/A,N/A,N/A,N/A,N/A
1970,10,1971,N/A,N/A,N/A,N/A,N/A,N/A,N/A,N/A,N/A,N/A,N/A,N/A,N/A,N/A,N/A
1970,11,1971,N/A,N/A,N/A,N/A,N/A,N/A,N/A,N/A,N/A,N/A,N/A,N/A,N/A,N/A,N/A
1970,12,1971,N/A,N/A,N/A,N/A,N/A,N/A,N/A,N/A,N/A,N/A,N/A,N/A,N/A,N/A,N/A
1971,1,1971,N/A,N/A,N/A,N/A,N/A,N/A,N/A,N/A,N/A,N/A,N/A,N/A,N/A,N/A,N/A
1971,2,1971,N/A,N/A,N/A,N/A,N/A,N/A,N/A,N/A,N/A,N/A,N/A,N/A,N/A,N/A,N/A
1971,3,1971,N/A,N/A,N/A,N/A,N/A,N/A,N/A,N/A,N/A,N/A,N/A,N/A,N/A,N/A,N/A
1971,4,1971,N/A,N/A,N/A,N/A,N/A,N/A,N/A,N/A,N/A,N/A,N/A,N/A,N/A,N/A,N/A
1971,5,1971,N/A,N/A,N/A,N/A,N/A,N/A,N/A,N/A,N/A,N/A,N/A,N/A,N/A,N/A,N/A
1971,6,1972,N/A,N/A,N/A,N/A,N/A,N/A,N/A,N/A,N/A,N/A,N/A,N/A,N/A,N/A,N/A
1971,7,1972,N/A,N/A,N/A,N/A,N/A,N/A,N/A,N/A,N/A,N/A,N/A,N/A,N/A,N/A,N/A
1971,8,1972,N/A,N/A,N/A,N/A,N/A,N/A,N/A,N/A,N/A,N/A,N/A,N/A,N/A,N/A,N/A
1971,9,1972,N/A,N/A,N/A,N/A,N/A,N/A,N/A,N/A,N/A,N/A,N/A,N/A,N/A,N/A,N/A
1971,10,1972,N/A,N/A,N/A,N/A,N/A,N/A,N/A,N/A,N/A,N/A,N/A,N/A,N/A,N/A,N/A
1971,11,1972,N/A,N/A,N/A,N/A,N/A,N/A,N/A,N/A,N/A,N/A,N/A,N/A,N/A,N/A,N/A
1971,12,1972,N/A,N/A,N/A,N/A,N/A,N/A,N/A,N/A,N/A,N/A,N/A,N/A,N/A,N/A,N/A
1972,1,1972,N/A,N/A,N/A,N/A,N/A,N/A,N/A,N/A,N/A,N/A,N/A,N/A,N/A,N/A,N/A
1972,2,1972,N/A,N/A,N/A,N/A,N/A,N/A,N/A,N/A,N/A,N/A,N/A,N/A,N/A,N/A,N/A
1972,3,1972,N/A,N/A,N/A,N/A,N/A,N/A,N/A,N/A,N/A,N/A,N/A,N/A,N/A,N/A,N/A
1972,4,1972,N/A,N/A,N/A,N/A,N/A,N/A,N/A,N/A,N/A,N/A,N/A,N/A,N/A,N/A,N/A
1972,5,1972,N/A,N/A,N/A,N/A,N/A,N/A,N/A,N/A,N/A,N/A,N/A,N/A,N/A,N/A,N/A
1972,6,1973,N/A,N/A,N/A,N/A,N/A,N/A,N/A,N/A,N/A,N/A,N/A,N/A,N/A,N/A,N/A
1972,7,1973,N/A,N/A,N/A,N/A,N/A,N/A,N/A,N/A,N/A,N/A,N/A,N/A,N/A,N/A,N/A
1972,8,1973,N/A,N/A,N/A,N/A,N/A,N/A,N/A,N/A,N/A,N/A,N/A,N/A,N/A,N/A,N/A
1972,9,1973,N/A,N/A,N/A,N/A,N/A,N/A,N/A,N/A,N/A,N/A,N/A,N/A,N/A,N/A,N/A
1972,10,1973,N/A,N/A,N/A,N/A,N/A,N/A,N/A,N/A,N/A,N/A,N/A,N/A,N/A,N/A,N/A
1972,11,1973,N/A,N/A,N/A,N/A,N/A,N/A,N/A,N/A,N/A,N/A,N/A,N/A,N/A,N/A,N/A
1972,12,1973,N/A,N/A,N/A,N/A,N/A,N/A,N/A,N/A,N/A,N/A,N/A,N/A,N/A,N/A,N/A
1973,1,1973,N/A,N/A,N/A,N/A,N/A,N/A,N/A,N/A,N/A,N/A,N/A,N/A,N/A,N/A,N/A
1973,2,1973,N/A,N/A,N/A,N/A,N/A,N/A,N/A,N/A,N/A,N/A,N/A,N/A,N/A,N/A,N/A
1973,3,1973,N/A,N/A,N/A,N/A,N/A,N/A,N/A,N/A,N/A,N/A,N/A,N/A,N/A,N/A,N/A
1973,4,1973,N/A,N/A,N/A,N/A,N/A,N/A,N/A,N/A,N/A,N/A,N/A,N/A,N/A,N/A,N/A
1973,5,1973,N/A,N/A,N/A,N/A,N/A,N/A,N/A,N/A,N/A,N/A,N/A,N/A,N/A,N/A,N/A
1973,6,1974,N/A,N/A,N/A,N/A,N/A,N/A,N/A,N/A,N/A,N/A,N/A,N/A,N/A,N/A,N/A
1973,7,1974,N/A,N/A,N/A,N/A,N/A,N/A,N/A,N/A,N/A,N/A,N/A,N/A,N/A,N/A,N/A
1973,8,1974,N/A,N/A,N/A,N/A,N/A,N/A,N/A,N/A,N/A,N/A,N/A,N/A,N/A,N/A,N/A
1973,9,1974,N/A,N/A,N/A,N/A,N/A,N/A,N/A,N/A,N/A,N/A,N/A,N/A,N/A,N/A,N/A
1973,10,1974,N/A,N/A,N/A,N/A,N/A,N/A,N/A,N/A,N/A,N/A,N/A,N/A,N/A,N/A,N/A
1973,11,1974,N/A,N/A,N/A,N/A,N/A,N/A,N/A,N/A,N/A,N/A,N/A,N/A,N/A,N/A,N/A
1973,12,1974,N/A,N/A,N/A,N/A,N/A,N/A,N/A,N/A,N/A,N/A,N/A,N/A,N/A,N/A,N/A
1974,1,1974,N/A,N/A,N/A,N/A,N/A,N/A,N/A,N/A,N/A,N/A,N/A,N/A,N/A,N/A,N/A
1974,2,1974,N/A,N/A,N/A,N/A,N/A,N/A,N/A,N/A,N/A,N/A,N/A,N/A,N/A,N/A,N/A
1974,3,1974,N/A,N/A,N/A,N/A,N/A,N/A,N/A,N/A,N/A,N/A,N/A,N/A,N/A,N/A,N/A
1974,4,1974,N/A,N/A,N/A,N/A,N/A,N/A,N/A,N/A,N/A,N/A,N/A,N/A,N/A,N/A,N/A
1974,5,1974,N/A,N/A,N/A,N/A,N/A,N/A,N/A,N/A,N/A,N/A,N/A,N/A,N/A,N/A,N/A
1974,6,1975,N/A,N/A,N/A,N/A,N/A,N/A,N/A,N/A,N/A,N/A,N/A,N/A,N/A,N/A,N/A
1974,7,1975,N/A,N/A,N/A,N/A,N/A,N/A,N/A,N/A,N/A,N/A,N/A,N/A,N/A,N/A,N/A
1974,8,1975,N/A,N/A,N/A,N/A,N/A,N/A,N/A,N/A,N/A,N/A,N/A,N/A,N/A,N/A,N/A
1974,9,1975,N/A,N/A,N/A,N/A,N/A,N/A,N/A,N/A,N/A,N/A,N/A,N/A,N/A,N/A,N/A
1974,10,1975,N/A,N/A,N/A,N/A,N/A,N/A,N/A,N/A,N/A,N/A,N/A,N/A,N/A,N/A,N/A
1974,11,1975,N/A,N/A,N/A,N/A,N/A,N/A,N/A,N/A,N/A,N/A,N/A,N/A,N/A,N/A,N/A
1974,12,1975,N/A,N/A,N/A,N/A,N/A,N/A,N/A,N/A,N/A,N/A,N/A,N/A,N/A,N/A,N/A
1975,1,1975,N/A,N/A,N/A,N/A,N/A,N/A,N/A,N/A,N/A,N/A,N/A,N/A,N/A,N/A,N/A
1975,2,1975,N/A,N/A,N/A,N/A,N/A,N/A,N/A,N/A,N/A,N/A,N/A,N/A,N/A,N/A,N/A
1975,3,1975,N/A,N/A,N/A,N/A,N/A,N/A,N/A,N/A,N/A,N/A,N/A,N/A,N/A,N/A,N/A
1975,4,1975,N/A,N/A,N/A,N/A,N/A,N/A,N/A,N/A,N/A,N/A,N/A,N/A,N/A,N/A,N/A
1975,5,1975,N/A,N/A,N/A,N/A,N/A,N/A,N/A,N/A,N/A,N/A,N/A,N/A,N/A,N/A,N/A
1975,6,1976,N/A,N/A,N/A,N/A,N/A,N/A,N/A,N/A,N/A,N/A,N/A,N/A,N/A,N/A,N/A
1975,7,1976,N/A,N/A,N/A,N/A,N/A,N/A,N/A,N/A,N/A,N/A,N/A,N/A,N/A,N/A,N/A
1975,8,1976,N/A,N/A,N/A,N/A,N/A,N/A,N/A,N/A,N/A,N/A,N/A,N/A,N/A,N/A,N/A
1975,9,1976,N/A,N/A,N/A,N/A,N/A,N/A,N/A,N/A,N/A,N/A,N/A,N/A,N/A,N/A,N/A
1975,10,1976,N/A,N/A,N/A,N/A,N/A,N/A,N/A,N/A,N/A,N/A,N/A,N/A,N/A,N/A,N/A
1975,11,1976,N/A,N/A,N/A,N/A,N/A,N/A,N/A,N/A,N/A,N/A,N/A,N/A,N/A,N/A,N/A
1975,12,1976,N/A,N/A,N/A,N/A,N/A,N/A,N/A,N/A,N/A,N/A,N/A,N/A,N/A,N/A,N/A
1976,1,1976,N/A,N/A,N/A,N/A,N/A,N/A,N/A,N/A,N/A,N/A,N/A,N/A,N/A,N/A,N/A
1976,2,1976,N/A,N/A,N/A,N/A,N/A,N/A,N/A,N/A,N/A,N/A,N/A,N/A,N/A,N/A,N/A
1976,3,1976,N/A,N/A,N/A,N/A,N/A,N/A,N/A,N/A,N/A,N/A,N/A,N/A,N/A,N/A,N/A
1976,4,1976,N/A,N/A,N/A,N/A,N/A,N/A,N/A,N/A,N/A,N/A,N/A,N/A,N/A,N/A,N/A
1976,5,1976,N/A,N/A,N/A,N/A,N/A,N/A,N/A,N/A,N/A,N/A,N/A,N/A,N/A,N/A,N/A
1976,6,1977,N/A,N/A,N/A,N/A,N/A,N/A,N/A,N/A,N/A,N/A,N/A,N/A,N/A,N/A,N/A
1976,7,1977,N/A,N/A,N/A,N/A,N/A,N/A,N/A,N/A,N/A,N/A,N/A,N/A,N/A,N/A,N/A
1976,8,1977,N/A,N/A,N/A,N/A,N/A,N/A,N/A,N/A,N/A,N/A,N/A,N/A,N/A,N/A,N/A
1976,9,1977,N/A,N/A,N/A,N/A,N/A,N/A,N/A,N/A,N/A,N/A,N/A,N/A,N/A,N/A,N/A
1976,10,1977,N/A,N/A,N/A,N/A,N/A,N/A,N/A,N/A,N/A,N/A,N/A,N/A,N/A,N/A,N/A
1976,11,1977,N/A,N/A,N/A,N/A,N/A,N/A,N/A,N/A,N/A,N/A,N/A,N/A,N/A,N/A,N/A
1976,12,1977,N/A,N/A,N/A,N/A,N/A,N/A,N/A,N/A,N/A,N/A,N/A,N/A,N/A,N/A,N/A
1977,1,1977,N/A,N/A,N/A,N/A,N/A,N/A,N/A,N/A,N/A,N/A,N/A,N/A,N/A,N/A,N/A
1977,2,1977,N/A,N/A,N/A,N/A,N/A,N/A,N/A,N/A,N/A,N/A,N/A,N/A,N/A,N/A,N/A
1977,3,1977,N/A,N/A,N/A,N/A,N/A,N/A,N/A,N/A,N/A,N/A,N/A,N/A,N/A,N/A,N/A
1977,4,1977,N/A,N/A,N/A,N/A,N/A,N/A,N/A,N/A,N/A,N/A,N/A,N/A,N/A,N/A,N/A
1977,5,1977,N/A,N/A,N/A,N/A,N/A,N/A,N/A,N/A,N/A,N/A,N/A,N/A,N/A,N/A,N/A
1977,6,1978,N/A,N/A,N/A,N/A,N/A,N/A,N/A,N/A,N/A,N/A,N/A,N/A,N/A,N/A,N/A
1977,7,1978,N/A,N/A,N/A,N/A,N/A,N/A,N/A,N/A,N/A,N/A,N/A,N/A,N/A,N/A,N/A
1977,8,1978,N/A,N/A,N/A,N/A,N/A,N/A,N/A,N/A,N/A,N/A,N/A,N/A,N/A,N/A,N/A
1977,9,1978,N/A,N/A,N/A,N/A,N/A,N/A,N/A,N/A,N/A,N/A,N/A,N/A,N/A,N/A,N/A
1977,10,1978,N/A,N/A,N/A,N/A,N/A,N/A,N/A,N/A,N/A,N/A,N/A,N/A,N/A,N/A,N/A
1977,11,1978,N/A,N/A,N/A,N/A,N/A,N/A,N/A,N/A,N/A,N/A,N/A,N/A,N/A,N/A,N/A
1977,12,1978,N/A,N/A,N/A,N/A,N/A,N/A,N/A,N/A,N/A,N/A,N/A,N/A,N/A,N/A,N/A
1978,1,1978,N/A,N/A,N/A,N/A,N/A,N/A,N/A,N/A,N/A,N/A,N/A,N/A,N/A,N/A,N/A
1978,2,1978,N/A,N/A,N/A,N/A,N/A,N/A,N/A,N/A,N/A,N/A,N/A,N/A,N/A,N/A,N/A
1978,3,1978,N/A,N/A,N/A,N/A,N/A,N/A,N/A,N/A,N/A,N/A,N/A,N/A,N/A,N/A,N/A
1978,4,1978,N/A,N/A,N/A,N/A,N/A,N/A,N/A,N/A,N/A,N/A,N/A,N/A,N/A,N/A,N/A
1978,5,1978,N/A,N/A,N/A,N/A,N/A,N/A,N/A,N/A,N/A,N/A,N/A,N/A,N/A,N/A,N/A
1978,6,1979,N/A,N/A,N/A,N/A,N/A,N/A,N/A,N/A,N/A,N/A,N/A,N/A,N/A,N/A,N/A
1978,7,1979,N/A,N/A,N/A,N/A,N/A,N/A,N/A,N/A,N/A,N/A,N/A,N/A,N/A,N/A,N/A
1978,8,1979,N/A,N/A,N/A,N/A,N/A,N/A,N/A,N/A,N/A,N/A,N/A,N/A,N/A,N/A,N/A
1978,9,1979,N/A,N/A,N/A,N/A,N/A,N/A,N/A,N/A,N/A,N/A,N/A,N/A,N/A,N/A,N/A
1978,10,1979,N/A,N/A,N/A,N/A,N/A,N/A,N/A,N/A,N/A,N/A,N/A,N/A,N/A,N/A,N/A
1978,11,1979,N/A,N/A,N/A,N/A,N/A,N/A,N/A,N/A,N/A,N/A,N/A,N/A,N/A,N/A,N/A
1978,12,1979,N/A,N/A,N/A,N/A,N/A,N/A,N/A,N/A,N/A,N/A,N/A,N/A,N/A,N/A,N/A
1979,1,1979,N/A,N/A,N/A,N/A,N/A,N/A,N/A,N/A,N/A,N/A,N/A,N/A,N/A,N/A,N/A
1979,2,1979,N/A,N/A,N/A,N/A,N/A,N/A,N/A,N/A,N/A,N/A,N/A,N/A,N/A,N/A,N/A
1979,3,1979,N/A,N/A,N/A,N/A,N/A,N/A,N/A,N/A,N/A,N/A,N/A,N/A,N/A,N/A,N/A
1979,4,1979,N/A,N/A,N/A,N/A,N/A,N/A,N/A,N/A,N/A,N/A,N/A,N/A,N/A,N/A,N/A
1979,5,1979,N/A,N/A,N/A,N/A,N/A,N/A,N/A,N/A,N/A,N/A,N/A,N/A,N/A,N/A,N/A
1979,6,1980,N/A,N/A,N/A,N/A,N/A,N/A,N/A,N/A,N/A,N/A,N/A,N/A,N/A,N/A,N/A
1979,7,1980,N/A,N/A,N/A,N/A,N/A,N/A,N/A,N/A,N/A,N/A,N/A,N/A,N/A,N/A,N/A
1979,8,1980,N/A,N/A,N/A,N/A,N/A,N/A,N/A,N/A,N/A,N/A,N/A,N/A,N/A,N/A,N/A
1979,9,1980,N/A,N/A,N/A,N/A,N/A,N/A,N/A,N/A,N/A,N/A,N/A,N/A,N/A,N/A,N/A
1979,10,1980,N/A,N/A,N/A,N/A,N/A,N/A,N/A,N/A,N/A,N/A,N/A,N/A,N/A,N/A,N/A
1979,11,1980,N/A,N/A,N/A,N/A,N/A,N/A,N/A,N/A,N/A,N/A,N/A,N/A,N/A,N/A,N/A
1979,12,1980,N/A,N/A,N/A,N/A,N/A,N/A,N/A,N/A,N/A,N/A,N/A,N/A,N/A,N/A,N/A
1980,1,1980,N/A,N/A,N/A,N/A,N/A,N/A,N/A,N/A,N/A,N/A,N/A,N/A,N/A,-8.432887838,33.05329137
1980,2,1980,N/A,N/A,N/A,N/A,N/A,N/A,N/A,N/A,N/A,N/A,N/A,N/A,N/A,-10.27828903,23.45620221
1980,3,1980,N/A,N/A,N/A,N/A,N/A,N/A,N/A,N/A,N/A,N/A,N/A,N/A,N/A,-3.629720208,121.4465809
1980,4,1980,N/A,N/A,N/A,N/A,N/A,N/A,N/A,N/A,N/A,N/A,N/A,N/A,N/A,4.130711924,107.3070891
1980,5,1980,N/A,N/A,N/A,N/A,N/A,N/A,N/A,N/A,N/A,N/A,N/A,N/A,N/A,10.70658102,48.43253143
1980,6,1981,N/A,N/A,N/A,N/A,N/A,N/A,N/A,N/A,N/A,N/A,N/A,N/A,N/A,13.27743163,84.73885954
1980,7,1981,N/A,N/A,N/A,N/A,N/A,N/A,N/A,N/A,N/A,N/A,N/A,N/A,N/A,17.76552587,106.3820225
1980,8,1981,N/A,N/A,N/A,N/A,N/A,N/A,N/A,N/A,N/A,N/A,N/A,N/A,N/A,17.02755952,87.1984815
1980,9,1981,N/A,N/A,N/A,N/A,N/A,N/A,N/A,N/A,N/A,N/A,N/A,N/A,N/A,11.66954784,131.8256969
1980,10,1981,N/A,N/A,N/A,N/A,N/A,N/A,N/A,N/A,N/A,N/A,N/A,N/A,N/A,4.437241935,105.96038
1980,11,1981,N/A,N/A,N/A,N/A,N/A,N/A,N/A,N/A,N/A,N/A,N/A,N/A,N/A,-2.416598561,104.4822785
1980,12,1981,N/A,N/A,N/A,N/A,N/A,N/A,N/A,N/A,N/A,N/A,N/A,N/A,N/A,-10.57961802,54.23860883
1981,1,1981,N/A,N/A,N/A,N/A,N/A,N/A,N/A,N/A,N/A,N/A,N/A,N/A,N/A,-13.72461752,16.23582261
1981,2,1981,N/A,N/A,N/A,N/A,N/A,N/A,N/A,N/A,N/A,N/A,N/A,N/A,N/A,-3.019847813,222.8163269
1981,3,1981,N/A,N/A,N/A,N/A,N/A,N/A,N/A,N/A,N/A,N/A,N/A,N/A,N/A,-2.504724629,33.63303824
1981,4,1981,N/A,N/A,N/A,N/A,N/A,N/A,N/A,N/A,N/A,N/A,N/A,N/A,N/A,4.780700213,89.51784573
1981,5,1981,N/A,N/A,N/A,N/A,N/A,N/A,N/A,N/A,N/A,N/A,N/A,N/A,N/A,11.23255904,119.5568346
1981,6,1982,N/A,N/A,N/A,N/A,N/A,N/A,N/A,N/A,N/A,N/A,N/A,N/A,N/A,15.24077584,105.0029093
1981,7,1982,N/A,N/A,N/A,N/A,N/A,N/A,N/A,N/A,N/A,N/A,N/A,N/A,N/A,17.68464868,154.7086108
1981,8,1982,N/A,N/A,N/A,N/A,N/A,N/A,N/A,N/A,N/A,N/A,N/A,N/A,N/A,15.6779898,122.9801259
1981,9,1982,N/A,N/A,N/A,N/A,N/A,N/A,N/A,N/A,N/A,N/A,N/A,N/A,N/A,11.42594684,175.7340482
1981,10,1982,N/A,N/A,N/A,N/A,N/A,N/A,N/A,N/A,N/A,N/A,N/A,N/A,N/A,4.240573913,158.1797447
1981,11,1982,N/A,N/A,N/A,N/A,N/A,N/A,N/A,N/A,N/A,N/A,N/A,N/A,N/A,0.050240711,67.55038114
1981,12,1982,N/A,N/A,N/A,N/A,N/A,N/A,N/A,N/A,N/A,N/A,N/A,N/A,N/A,-6.30117356,112.565316
1982,1,1982,N/A,N/A,N/A,N/A,N/A,N/A,N/A,N/A,N/A,N/A,N/A,N/A,N/A,-14.48819648,88.04632597
1982,2,1982,N/A,N/A,N/A,N/A,N/A,N/A,N/A,N/A,N/A,N/A,N/A,N/A,N/A,-9.141210906,78.54848055
1982,3,1982,N/A,N/A,N/A,N/A,N/A,N/A,N/A,N/A,N/A,N/A,N/A,N/A,N/A,-4.001719897,75.94126525
1982,4,1982,N/A,N/A,N/A,N/A,N/A,N/A,N/A,N/A,N/A,N/A,N/A,N/A,N/A,1.76676039,95.78354539
1982,5,1982,N/A,N/A,N/A,N/A,N/A,N/A,N/A,N/A,N/A,N/A,N/A,N/A,N/A,11.23570787,48.1036713
1982,6,1983,N/A,N/A,N/A,N/A,N/A,N/A,N/A,N/A,N/A,N/A,N/A,N/A,N/A,13.20316602,172.266709
1982,7,1983,N/A,N/A,N/A,N/A,N/A,N/A,N/A,N/A,N/A,N/A,N/A,N/A,N/A,17.4407719,65.25696148
1982,8,1983,N/A,N/A,N/A,N/A,N/A,N/A,N/A,N/A,N/A,N/A,N/A,N/A,N/A,14.67205719,93.341393
1982,9,1983,N/A,N/A,N/A,N/A,N/A,N/A,N/A,N/A,N/A,N/A,N/A,N/A,N/A,12.5570821,86.14721631
1982,10,1983,N/A,N/A,N/A,N/A,N/A,N/A,N/A,N/A,N/A,N/A,N/A,N/A,N/A,6.109314067,61.40683606
1982,11,1983,N/A,N/A,N/A,N/A,N/A,N/A,N/A,N/A,N/A,N/A,N/A,N/A,N/A,1.797727607,118.3548113
1982,12,1983,N/A,N/A,N/A,N/A,N/A,N/A,N/A,N/A,N/A,N/A,N/A,N/A,N/A,-3.298696642,56.79392373
1983,1,1983,N/A,N/A,N/A,N/A,N/A,N/A,N/A,N/A,N/A,N/A,N/A,N/A,N/A,-8.177790255,111.60443
1983,2,1983,N/A,N/A,N/A,N/A,N/A,N/A,N/A,N/A,N/A,N/A,N/A,N/A,N/A,-6.598525693,71.27544374
1983,3,1983,N/A,N/A,N/A,N/A,N/A,N/A,N/A,N/A,N/A,N/A,N/A,N/A,N/A,-1.803358843,155.1886037
1983,4,1983,N/A,N/A,N/A,N/A,N/A,N/A,N/A,N/A,N/A,N/A,N/A,N/A,N/A,3.502312992,151.6834247
1983,5,1983,N/A,N/A,N/A,N/A,N/A,N/A,N/A,N/A,N/A,N/A,N/A,N/A,N/A,8.925120643,181.8664555
1983,6,1984,N/A,N/A,N/A,N/A,N/A,N/A,N/A,N/A,N/A,N/A,N/A,N/A,N/A,15.80250278,71.75392132
1983,7,1984,N/A,N/A,N/A,N/A,N/A,N/A,N/A,N/A,N/A,N/A,N/A,N/A,N/A,17.8899646,77.32734072
1983,8,1984,N/A,N/A,N/A,N/A,N/A,N/A,N/A,N/A,N/A,N/A,N/A,N/A,N/A,16.72003691,178.3801266
1983,9,1984,N/A,N/A,N/A,N/A,N/A,N/A,N/A,N/A,N/A,N/A,N/A,N/A,N/A,13.47875192,62.16481028
1983,10,1984,N/A,N/A,N/A,N/A,N/A,N/A,N/A,N/A,N/A,N/A,N/A,N/A,N/A,6.070185625,89.5577211
1983,11,1984,N/A,N/A,N/A,N/A,N/A,N/A,N/A,N/A,N/A,N/A,N/A,N/A,N/A,0.410181173,235.8330406
1983,12,1984,N/A,N/A,N/A,N/A,N/A,N/A,N/A,N/A,N/A,N/A,N/A,N/A,N/A,-7.937845719,181.203164
1984,1,1984,N/A,N/A,N/A,N/A,N/A,N/A,N/A,N/A,N/A,N/A,N/A,N/A,N/A,-10.64912914,40.17164597
1984,2,1984,N/A,N/A,N/A,N/A,N/A,N/A,N/A,N/A,N/A,N/A,N/A,N/A,N/A,-3.421105481,106.4354422
1984,3,1984,N/A,N/A,N/A,N/A,N/A,N/A,N/A,N/A,N/A,N/A,N/A,N/A,N/A,-6.603110808,110.3411382
1984,4,1984,N/A,N/A,N/A,N/A,N/A,N/A,N/A,N/A,N/A,N/A,N/A,N/A,N/A,4.122094076,101.5032896
1984,5,1984,N/A,N/A,N/A,N/A,N/A,N/A,N/A,N/A,N/A,N/A,N/A,N/A,N/A,8.907312936,275.4379659
1984,6,1985,N/A,N/A,N/A,N/A,N/A,N/A,N/A,N/A,N/A,N/A,N/A,N/A,N/A,15.53020631,102.9275949
1984,7,1985,N/A,N/A,N/A,N/A,N/A,N/A,N/A,N/A,N/A,N/A,N/A,N/A,N/A,17.25347797,143.8973365
1984,8,1985,N/A,N/A,N/A,N/A,N/A,N/A,N/A,N/A,N/A,N/A,N/A,N/A,N/A,17.73786557,57.02708802
1984,9,1985,N/A,N/A,N/A,N/A,N/A,N/A,N/A,N/A,N/A,N/A,N/A,N/A,N/A,10.62868346,60.84037921
1984,10,1985,N/A,N/A,N/A,N/A,N/A,N/A,N/A,N/A,N/A,N/A,N/A,N/A,N/A,7.367437447,94.30050804
1984,11,1985,N/A,N/A,N/A,N/A,N/A,N/A,N/A,N/A,N/A,N/A,N/A,N/A,N/A,-0.031856057,96.61595202
1984,12,1985,N/A,N/A,N/A,N/A,N/A,N/A,N/A,N/A,N/A,N/A,N/A,N/A,N/A,-3.99234354,109.7756976
1985,1,1985,N/A,N/A,N/A,N/A,N/A,N/A,N/A,N/A,N/A,N/A,N/A,N/A,N/A,-12.27568334,38.27430358
1985,2,1985,N/A,N/A,N/A,N/A,N/A,N/A,N/A,N/A,N/A,N/A,N/A,N/A,N/A,-7.04746396,76.94759388
1985,3,1985,N/A,N/A,N/A,N/A,N/A,N/A,N/A,N/A,N/A,N/A,N/A,N/A,N/A,-2.876220929,92.81214924
1985,4,1985,N/A,N/A,N/A,N/A,N/A,N/A,N/A,N/A,N/A,N/A,N/A,N/A,N/A,3.46446637,61.30316302
1985,5,1985,N/A,N/A,N/A,N/A,N/A,N/A,N/A,N/A,N/A,N/A,N/A,N/A,N/A,10.52354703,99.3881018
1985,6,1986,N/A,N/A,N/A,N/A,N/A,N/A,N/A,N/A,N/A,N/A,N/A,N/A,N/A,12.99872046,98.17164815
1985,7,1986,N/A,N/A,N/A,N/A,N/A,N/A,N/A,N/A,N/A,N/A,N/A,N/A,N/A,17.42947714,65.54164466
1985,8,1986,N/A,N/A,N/A,N/A,N/A,N/A,N/A,N/A,N/A,N/A,N/A,N/A,N/A,15.44890873,124.7840473
1985,9,1986,N/A,N/A,N/A,N/A,N/A,N/A,N/A,N/A,N/A,N/A,N/A,N/A,N/A,12.54517256,133.9598763
1985,10,1986,N/A,N/A,N/A,N/A,N/A,N/A,N/A,N/A,N/A,N/A,N/A,N/A,N/A,6.536212348,90.77328926
1985,11,1986,N/A,N/A,N/A,N/A,N/A,N/A,N/A,N/A,N/A,N/A,N/A,N/A,N/A,0.469562436,133.9303741
1985,12,1986,N/A,N/A,N/A,N/A,N/A,N/A,N/A,N/A,N/A,N/A,N/A,N/A,N/A,-8.826011102,68.15075867
1986,1,1986,N/A,N/A,N/A,N/A,N/A,N/A,N/A,N/A,N/A,N/A,N/A,N/A,N/A,-8.558299451,156.4105008
1986,2,1986,N/A,N/A,N/A,N/A,N/A,N/A,N/A,N/A,N/A,N/A,N/A,N/A,N/A,-9.696202713,57.92012685
1986,3,1986,N/A,N/A,N/A,N/A,N/A,N/A,N/A,N/A,N/A,N/A,N/A,N/A,N/A,-2.101370549,101.8984813
1986,4,1986,N/A,N/A,N/A,N/A,N/A,N/A,N/A,N/A,N/A,N/A,N/A,N/A,N/A,6.193673212,53.42227902
1986,5,1986,N/A,N/A,N/A,N/A,N/A,N/A,N/A,N/A,N/A,N/A,N/A,N/A,N/A,11.62206045,113.156074
1986,6,1987,N/A,N/A,N/A,N/A,N/A,N/A,N/A,N/A,N/A,N/A,N/A,N/A,N/A,13.35052495,120.1183541
1986,7,1987,N/A,N/A,N/A,N/A,N/A,N/A,N/A,N/A,N/A,N/A,N/A,N/A,N/A,16.39391271,150.9113909
1986,8,1987,N/A,N/A,N/A,N/A,N/A,N/A,N/A,N/A,N/A,N/A,N/A,N/A,N/A,15.40552526,144.0163288
1986,9,1987,N/A,N/A,N/A,N/A,N/A,N/A,N/A,N/A,N/A,N/A,N/A,N/A,N/A,10.68466185,97.68848265
1986,10,1987,N/A,N/A,N/A,N/A,N/A,N/A,N/A,N/A,N/A,N/A,N/A,N/A,N/A,5.594633193,59.45025282
1986,11,1987,N/A,N/A,N/A,N/A,N/A,N/A,N/A,N/A,N/A,N/A,N/A,N/A,N/A,-1.822723574,117.9348097
1986,12,1987,N/A,N/A,N/A,N/A,N/A,N/A,N/A,N/A,N/A,N/A,N/A,N/A,N/A,-5.430952839,88.62430244
1987,1,1987,N/A,N/A,N/A,N/A,N/A,N/A,N/A,N/A,N/A,N/A,N/A,N/A,N/A,-9.561338847,94.39784839
1987,2,1987,N/A,N/A,N/A,N/A,N/A,N/A,N/A,N/A,N/A,N/A,N/A,N/A,N/A,-10.11918861,12.86569619
1987,3,1987,N/A,N/A,N/A,N/A,N/A,N/A,N/A,N/A,N/A,N/A,N/A,N/A,N/A,-1.716456225,82.09582259
1987,4,1987,N/A,N/A,N/A,N/A,N/A,N/A,N/A,N/A,N/A,N/A,N/A,N/A,N/A,5.79467261,134.8072108
1987,5,1987,N/A,N/A,N/A,N/A,N/A,N/A,N/A,N/A,N/A,N/A,N/A,N/A,N/A,10.60533454,65.03632958
1987,6,1988,N/A,N/A,N/A,N/A,N/A,N/A,N/A,N/A,N/A,N/A,N/A,N/A,N/A,14.92311653,173.3521524
1987,7,1988,N/A,N/A,N/A,N/A,N/A,N/A,N/A,N/A,N/A,N/A,N/A,N/A,N/A,17.84217595,103.5791152
1987,8,1988,N/A,N/A,N/A,N/A,N/A,N/A,N/A,N/A,N/A,N/A,N/A,N/A,N/A,14.85620669,89.64860766
1987,9,1988,N/A,N/A,N/A,N/A,N/A,N/A,N/A,N/A,N/A,N/A,N/A,N/A,N/A,11.58071767,160.4580998
1987,10,1988,N/A,N/A,N/A,N/A,N/A,N/A,N/A,N/A,N/A,N/A,N/A,N/A,N/A,5.003437851,147.315315
1987,11,1988,N/A,N/A,N/A,N/A,N/A,N/A,N/A,N/A,N/A,N/A,N/A,N/A,N/A,-0.508848276,76.63468373
1987,12,1988,N/A,N/A,N/A,N/A,N/A,N/A,N/A,N/A,N/A,N/A,N/A,N/A,N/A,-4.765301928,68.18025517
1988,1,1988,N/A,N/A,N/A,N/A,N/A,N/A,N/A,N/A,N/A,N/A,N/A,N/A,N/A,-9.755815458,53.31101299
1988,2,1988,N/A,N/A,N/A,N/A,N/A,N/A,N/A,N/A,N/A,N/A,N/A,N/A,N/A,-7.837781822,75.43873162
1988,3,1988,N/A,N/A,N/A,N/A,N/A,N/A,N/A,N/A,N/A,N/A,N/A,N/A,N/A,-3.46288464,48.73772078
1988,4,1988,N/A,N/A,N/A,N/A,N/A,N/A,N/A,N/A,N/A,N/A,N/A,N/A,N/A,3.505188507,129.1968336
1988,5,1988,N/A,N/A,N/A,N/A,N/A,N/A,N/A,N/A,N/A,N/A,N/A,N/A,N/A,11.26885581,85.57050391
1988,6,1989,N/A,N/A,N/A,N/A,N/A,N/A,N/A,N/A,N/A,N/A,N/A,N/A,N/A,13.64879487,55.07721662
1988,7,1989,N/A,N/A,N/A,N/A,N/A,N/A,N/A,N/A,N/A,N/A,N/A,N/A,N/A,18.73755969,148.2455657
1988,8,1989,N/A,N/A,N/A,N/A,N/A,N/A,N/A,N/A,N/A,N/A,N/A,N/A,N/A,17.56705724,165.5488671
1988,9,1989,N/A,N/A,N/A,N/A,N/A,N/A,N/A,N/A,N/A,N/A,N/A,N/A,N/A,10.97620409,63.5536696
1988,10,1989,N/A,N/A,N/A,N/A,N/A,N/A,N/A,N/A,N/A,N/A,N/A,N/A,N/A,3.848632305,66.81923782
1988,11,1989,N/A,N/A,N/A,N/A,N/A,N/A,N/A,N/A,N/A,N/A,N/A,N/A,N/A,0.357962072,156.4060808
1988,12,1989,N/A,N/A,N/A,N/A,N/A,N/A,N/A,N/A,N/A,N/A,N/A,N/A,N/A,-8.131117084,42.0496212
1989,1,1989,N/A,N/A,N/A,N/A,N/A,N/A,N/A,N/A,N/A,N/A,N/A,N/A,N/A,-7.157536911,34.13886073
1989,2,1989,N/A,N/A,N/A,N/A,N/A,N/A,N/A,N/A,N/A,N/A,N/A,N/A,N/A,-8.994990445,50.01341721
1989,3,1989,N/A,N/A,N/A,N/A,N/A,N/A,N/A,N/A,N/A,N/A,N/A,N/A,N/A,-4.193276019,68.60076035
1989,4,1989,N/A,N/A,N/A,N/A,N/A,N/A,N/A,N/A,N/A,N/A,N/A,N/A,N/A,1.510018969,88.4183564
1989,5,1989,N/A,N/A,N/A,N/A,N/A,N/A,N/A,N/A,N/A,N/A,N/A,N/A,N/A,11.74720507,162.4184767
1989,6,1990,N/A,N/A,N/A,N/A,N/A,N/A,N/A,N/A,N/A,N/A,N/A,N/A,N/A,15.05848203,157.5726558
1989,7,1990,N/A,N/A,N/A,N/A,N/A,N/A,N/A,N/A,N/A,N/A,N/A,N/A,N/A,17.31885548,84.29164548
1989,8,1990,N/A,N/A,N/A,N/A,N/A,N/A,N/A,N/A,N/A,N/A,N/A,N/A,N/A,15.65347853,167.7794945
1989,9,1990,N/A,N/A,N/A,N/A,N/A,N/A,N/A,N/A,N/A,N/A,N/A,N/A,N/A,12.40145732,120.0929101
1989,10,1990,N/A,N/A,N/A,N/A,N/A,N/A,N/A,N/A,N/A,N/A,N/A,N/A,N/A,6.648535101,136.462022
1989,11,1990,N/A,N/A,N/A,N/A,N/A,N/A,N/A,N/A,N/A,N/A,N/A,N/A,N/A,-1.132149084,138.7698737
1989,12,1990,N/A,N/A,N/A,N/A,N/A,N/A,N/A,N/A,N/A,N/A,N/A,N/A,N/A,-15.3583823,46.72633062
1990,1,1990,N/A,N/A,N/A,N/A,N/A,N/A,N/A,N/A,N/A,N/A,N/A,N/A,N/A,-4.523782151,115.3232915
1990,2,1990,N/A,N/A,N/A,N/A,N/A,N/A,N/A,N/A,N/A,N/A,N/A,N/A,N/A,-6.739334819,77.03366929
1990,3,1990,N/A,N/A,N/A,N/A,N/A,N/A,N/A,N/A,N/A,N/A,N/A,N/A,N/A,-1.919234573,68.08531788
1990,4,1990,N/A,N/A,N/A,N/A,N/A,N/A,N/A,N/A,N/A,N/A,N/A,N/A,N/A,4.240188273,93.8674694
1990,5,1990,N/A,N/A,N/A,N/A,N/A,N/A,N/A,N/A,N/A,N/A,N/A,N/A,N/A,8.709482133,151.9591144
1990,6,1991,N/A,N/A,N/A,N/A,N/A,N/A,N/A,N/A,N/A,N/A,N/A,N/A,N/A,15.26329873,136.9403843
1990,7,1991,N/A,N/A,N/A,N/A,N/A,N/A,N/A,N/A,N/A,N/A,N/A,N/A,N/A,17.42113765,103.8459485
1990,8,1991,N/A,N/A,N/A,N/A,N/A,N/A,N/A,N/A,N/A,N/A,N/A,N/A,N/A,17.35712515,230.9369598
1990,9,1991,N/A,N/A,N/A,N/A,N/A,N/A,N/A,N/A,N/A,N/A,N/A,N/A,N/A,11.81194314,79.47329113
1990,10,1991,N/A,N/A,N/A,N/A,N/A,N/A,N/A,N/A,N/A,N/A,N/A,N/A,N/A,8.019953172,184.5319009
1990,11,1991,N/A,N/A,N/A,N/A,N/A,N/A,N/A,N/A,N/A,N/A,N/A,N/A,N/A,0.879180618,97.68544122
1990,12,1991,N/A,N/A,N/A,N/A,N/A,N/A,N/A,N/A,N/A,N/A,N/A,N/A,N/A,-3.844533591,147.7481008
1991,1,1991,N/A,N/A,N/A,N/A,N/A,N/A,N/A,N/A,N/A,N/A,N/A,N/A,N/A,-9.522507655,68.86329361
1991,2,1991,N/A,N/A,N/A,N/A,N/A,N/A,N/A,N/A,N/A,N/A,N/A,N/A,N/A,-5.634922003,36.36063269
1991,3,1991,N/A,N/A,N/A,N/A,N/A,N/A,N/A,N/A,N/A,N/A,N/A,N/A,N/A,-1.392404437,94.30809987
1991,4,1991,N/A,N/A,N/A,N/A,N/A,N/A,N/A,N/A,N/A,N/A,N/A,N/A,N/A,5.88533821,93.78202462
1991,5,1991,N/A,N/A,N/A,N/A,N/A,N/A,N/A,N/A,N/A,N/A,N/A,N/A,N/A,12.16207088,102.1696196
1991,6,1992,N/A,N/A,N/A,N/A,N/A,N/A,N/A,N/A,N/A,N/A,N/A,N/A,N/A,15.06786548,68.7240505
1991,7,1992,N/A,N/A,N/A,N/A,N/A,N/A,N/A,N/A,N/A,N/A,N/A,N/A,N/A,16.91355886,69.80632695
1991,8,1992,N/A,N/A,N/A,N/A,N/A,N/A,N/A,N/A,N/A,N/A,N/A,N/A,N/A,17.06829655,235.2243036
1991,9,1992,N/A,N/A,N/A,N/A,N/A,N/A,N/A,N/A,N/A,N/A,N/A,N/A,N/A,10.6767734,132.6739181
1991,10,1992,N/A,N/A,N/A,N/A,N/A,N/A,N/A,N/A,N/A,N/A,N/A,N/A,N/A,7.286927157,133.3041712
1991,11,1992,N/A,N/A,N/A,N/A,N/A,N/A,N/A,N/A,N/A,N/A,N/A,N/A,N/A,0.61307825,83.15101092
1991,12,1992,N/A,N/A,N/A,N/A,N/A,N/A,N/A,N/A,N/A,N/A,N/A,N/A,N/A,-6.631120126,92.76772241
1992,1,1992,N/A,N/A,N/A,N/A,N/A,N/A,N/A,N/A,N/A,N/A,N/A,N/A,N/A,-8.957289189,71.97911439
1992,2,1992,N/A,N/A,N/A,N/A,N/A,N/A,N/A,N/A,N/A,N/A,N/A,N/A,N/A,-7.723086448,60.11493828
1992,3,1992,N/A,N/A,N/A,N/A,N/A,N/A,N/A,N/A,N/A,N/A,N/A,N/A,N/A,-5.285016537,118.0964585
1992,4,1992,N/A,N/A,N/A,N/A,N/A,N/A,N/A,N/A,N/A,N/A,N/A,N/A,N/A,1.864274962,74.5460772
1992,5,1992,N/A,N/A,N/A,N/A,N/A,N/A,N/A,N/A,N/A,N/A,N/A,N/A,N/A,10.01757512,48.24949511
1992,6,1993,N/A,N/A,N/A,N/A,N/A,N/A,N/A,N/A,N/A,N/A,N/A,N/A,N/A,14.16942285,90.33658243
1992,7,1993,N/A,N/A,N/A,N/A,N/A,N/A,N/A,N/A,N/A,N/A,N/A,N/A,N/A,15.12595564,124.4519002
1992,8,1993,N/A,N/A,N/A,N/A,N/A,N/A,N/A,N/A,N/A,N/A,N/A,N/A,N/A,15.42829621,115.7951904
1992,9,1993,N/A,N/A,N/A,N/A,N/A,N/A,N/A,N/A,N/A,N/A,N/A,N/A,N/A,12.06856834,120.5474701
1992,10,1993,N/A,N/A,N/A,N/A,N/A,N/A,N/A,N/A,N/A,N/A,N/A,N/A,N/A,4.239599554,77.20253068
1992,11,1993,N/A,N/A,N/A,N/A,N/A,N/A,N/A,N/A,N/A,N/A,N/A,N/A,N/A,-1.068264432,121.7479751
1992,12,1993,N/A,N/A,N/A,N/A,N/A,N/A,N/A,N/A,N/A,N/A,N/A,N/A,N/A,-5.492876011,57.17037983
1993,1,1993,N/A,N/A,N/A,N/A,N/A,N/A,N/A,N/A,N/A,N/A,N/A,N/A,N/A,-7.48014263,77.19518802
1993,2,1993,N/A,N/A,N/A,N/A,N/A,N/A,N/A,N/A,N/A,N/A,N/A,N/A,N/A,-12.70523062,77.00126513
1993,3,1993,N/A,N/A,N/A,N/A,N/A,N/A,N/A,N/A,N/A,N/A,N/A,N/A,N/A,-4.371038733,99.35354672
1993,4,1993,N/A,N/A,N/A,N/A,N/A,N/A,N/A,N/A,N/A,N/A,N/A,N/A,N/A,4.417823447,103.0211369
1993,5,1993,N/A,N/A,N/A,N/A,N/A,N/A,N/A,N/A,N/A,N/A,N/A,N/A,N/A,10.39726213,47.64822885
1993,6,1994,N/A,N/A,N/A,N/A,N/A,N/A,N/A,N/A,N/A,N/A,N/A,N/A,N/A,14.122057,103.6953195
1993,7,1994,N/A,N/A,N/A,N/A,N/A,N/A,N/A,N/A,N/A,N/A,N/A,N/A,N/A,17.55779718,108.3279733
1993,8,1994,N/A,N/A,N/A,N/A,N/A,N/A,N/A,N/A,N/A,N/A,N/A,N/A,N/A,17.1796495,99.28974403
1993,9,1994,N/A,N/A,N/A,N/A,N/A,N/A,N/A,N/A,N/A,N/A,N/A,N/A,N/A,11.61780733,129.3596188
1993,10,1994,N/A,N/A,N/A,N/A,N/A,N/A,N/A,N/A,N/A,N/A,N/A,N/A,N/A,4.540400119,77.75519156
1993,11,1994,N/A,N/A,N/A,N/A,N/A,N/A,N/A,N/A,N/A,N/A,N/A,N/A,N/A,-0.074818761,100.2763274
1993,12,1994,N/A,N/A,N/A,N/A,N/A,N/A,N/A,N/A,N/A,N/A,N/A,N/A,N/A,-6.096860886,93.93835469
1994,1,1994,N/A,N/A,N/A,N/A,N/A,N/A,N/A,N/A,N/A,N/A,N/A,N/A,N/A,-14.3166419,120.5458244
1994,2,1994,N/A,N/A,N/A,N/A,N/A,N/A,N/A,N/A,N/A,N/A,N/A,N/A,N/A,-10.75393441,34.48544273
1994,3,1994,N/A,N/A,N/A,N/A,N/A,N/A,N/A,N/A,N/A,N/A,N/A,N/A,N/A,-3.507490167,124.7096194
1994,4,1994,N/A,N/A,N/A,N/A,N/A,N/A,N/A,N/A,N/A,N/A,N/A,N/A,N/A,3.602880022,100.4598714
1994,5,1994,N/A,N/A,N/A,N/A,N/A,N/A,N/A,N/A,N/A,N/A,N/A,N/A,N/A,9.033014611,111.1944301
1994,6,1995,N/A,N/A,N/A,N/A,N/A,N/A,N/A,N/A,N/A,N/A,N/A,N/A,N/A,16.32291118,109.8502529
1994,7,1995,N/A,N/A,N/A,N/A,N/A,N/A,N/A,N/A,N/A,N/A,N/A,N/A,N/A,18.95322763,127.0486062
1994,8,1995,N/A,N/A,N/A,N/A,N/A,N/A,N/A,N/A,N/A,N/A,N/A,N/A,N/A,15.49003642,111.3146858
1994,9,1995,N/A,N/A,N/A,N/A,N/A,N/A,N/A,N/A,N/A,N/A,N/A,N/A,N/A,11.24497587,141.1143061
1994,10,1995,N/A,N/A,N/A,N/A,N/A,N/A,N/A,N/A,N/A,N/A,N/A,N/A,N/A,6.66767092,26.91848098
1994,11,1995,N/A,N/A,N/A,N/A,N/A,N/A,N/A,N/A,N/A,N/A,N/A,N/A,N/A,2.123047859,78.45253078
1994,12,1995,N/A,N/A,N/A,N/A,N/A,N/A,N/A,N/A,N/A,N/A,N/A,N/A,N/A,-4.052755567,84.24190116
1995,1,1995,N/A,138.9,103.017,N/A,N/A,N/A,N/A,N/A,N/A,0.104175,2.20851,2.312685,1.29177,-5.194985698,90.35164652
1995,2,1995,N/A,94.8,6.131,N/A,N/A,N/A,N/A,N/A,N/A,0.168744,2.171868,2.340612,1.0902,-9.700437123,63.04215226
1995,3,1995,N/A,84.8,69.362,N/A,N/A,N/A,N/A,N/A,N/A,0.353616,2.886592,3.240208,2.14544,-1.058303433,74.87379591
1995,4,1995,N/A,66.4,82.402,N/A,N/A,N/A,N/A,N/A,N/A,0.43824,2.600888,3.039128,2.59624,1.019861849,52.34189939
1995,5,1995,N/A,98.5,97.205,N/A,N/A,N/A,N/A,N/A,N/A,0.20882,1.0244,1.23322,1.2214,9.186959399,80.29468353
1995,6,1996,N/A,47.1,15.76,0.71,8.88,0.015530214,0.002258967,0.002609049,1.538855049,0.158256,0.696609,0.854865,0.84309,16.15808052,42.55696183
1995,7,1996,N/A,152.9,24.308,0.79,9.28,0.017083235,0.002258967,0.002609049,1.749154112,0.573375,3.035065,3.60844,4.46468,18.69125318,138.7075922
1995,8,1996,N/A,166,90.562,0.71,10.03,0.019412767,0.002258967,0.002609049,1.655687862,0.2324,1.24832,1.48072,2.0584,16.74935493,88.33328991
1995,9,1996,N/A,90.7,9.786,0.95,6.47,0.0217423,0.002258967,0.001956787,1.865986925,0.314729,1.887467,2.202196,2.74821,10.43578582,90.36189811
1995,10,1996,N/A,276.8,196.455,0.72,9.51,0.013200682,0.002258967,0.001630656,1.702420987,0.238048,1.234528,1.472576,1.6608,8.693181303,245.894177
1995,11,1996,N/A,196.2,153.829,0.64,7.95,0.015530214,0.00271076,0.001630656,1.482107683,0.204048,1.958076,2.162124,1.90314,-1.717043413,143.7958243
1995,12,1996,N/A,115,9.916,0.8,4.91,0.01087115,0.032077326,0.001304525,1.55220737,0.2001,1.94005,2.14015,1.0695,-8.650857455,86.831015
1996,1,1996,N/A,219.7,170.241,0.71,6.02,0.009318128,0.095102495,0.001304525,1.482107683,0.15379,1.764191,1.917981,1.84548,-9.371278352,143.875948
1996,2,1996,N/A,110,83.146,0.78,6.08,0.009318128,0.127631615,0.001304525,1.528840808,0.1705,1.8678,2.0383,1.518,-8.296692426,87.83531614
1996,3,1996,N/A,66.8,18.943,0.75,5.12,0.003882553,0.072286932,0.000978393,1.535516969,0.145624,1.801596,1.94722,1.09552,-4.288622609,56.65734231
1996,4,1996,N/A,271,251.542,0.54,7.67,0.003882553,0.066413619,0.001956787,1.27848478,0.42276,3.16528,3.58804,3.4417,2.893568624,187.1273419
1996,5,1996,N/A,144.6,273.914,0.46,7.81,0.008541618,0.018523526,0.001956787,1.108242682,0.241482,1.74966,1.991142,1.79304,8.587407354,169.038609
1996,6,1997,N/A,161.4,68.706,0.6,9.23,0.010094639,0.002258967,0.002282918,1.255118218,0.54069,2.266056,2.806746,3.3894,15.43329881,120.1745577
1996,7,1997,N/A,259.5,170.499,0.56,11.09,0.003882553,0.002258967,0.002609049,1.241765896,0.66432,2.841525,3.505845,5.63115,16.82446996,229.2335437
1996,8,1997,N/A,17.6,5.037,0.73,7,0.003882553,0.002258967,0.001630656,1.45540304,0.06248,0.360624,0.423104,0.57552,16.60255946,42.17696274
1996,9,1997,N/A,71.5,2.918,1.01,7.7,0.01164766,0.002258967,0.002282918,1.805901478,0.186615,1.34992,1.536535,1.83755,12.88471666,92.37442809
1996,10,1997,N/A,194.3,95.15,0.58,11.85,0.004659064,0.002258967,0.002609049,1.425360316,0.188471,1.449478,1.637949,1.51554,5.671926788,190.4972136
1996,11,1997,N/A,142,107.635,0.67,7.34,0.004659064,0.003162553,0.001630656,1.492121924,0.15194,1.1715,1.32344,1.6756,-1.870684941,88.13278362
1996,12,1997,N/A,225.9,157.048,0.55,8.43,0.015530214,0.030721946,0.00293518,1.265132459,0.178461,2.383245,2.561706,1.89756,-2.799076578,154.2640501
1997,1,1997,N/A,142.5,21.191,0.67,6.49,0.009318128,0.070705656,0.000652262,1.525502727,0.126825,1.623075,1.7499,1.15425,-9.663924604,93.98999999
1997,2,1997,N/A,87.4,27.019,0.7,6.3,0.005435575,0.095780185,0.000978393,1.532178888,0.134596,1.35907,1.493666,1.1799,-5.589342117,66.73987367
1997,3,1997,N/A,160.8,42.435,0.69,6.41,0.006212086,0.107978605,0.000978393,1.575573933,0.315168,2.965152,3.28032,2.34768,-4.971723321,108.7534189
1997,4,1997,N/A,73.2,143.141,0.56,7.59,0.006212086,0.091714045,0.000978393,1.45874112,0.199104,0.99918,1.198284,1.12728,1.942279404,93.57493929
1997,5,1997,N/A,109.5,275.204,0.47,8.29,0.003882553,0.032529119,0.001304525,1.205047012,0.50151,2.24037,2.74188,2.61705,7.051309115,112.6821524
1997,6,1998,N/A,79.6,29.103,0.65,6.93,0.02251881,0.002258967,0.001304525,1.298513263,0.46964,2.3482,2.81784,3.08052,15.3136048,80.87519112
1997,7,1998,N/A,198,81.245,0.68,7.99,0.013200682,0.002258967,0.001630656,1.355260629,0.36036,2.14434,2.5047,3.465,16.56416847,143.4169582
1997,8,1998,N/A,146.7,27.547,0.73,9.72,0.004659064,0.003162553,0.002282918,1.558883531,0.340344,2.232774,2.573118,3.19806,15.75409236,143.1232873
1997,9,1998,N/A,76.9,14.303,0.73,7.52,0.013977193,0.002258967,0.001630656,1.502136165,0.245311,0.99201,1.237321,1.56876,11.6758406,76.56632967
1997,10,1998,N/A,48.9,19.931,0.71,8.86,0.020965789,0.002258967,0.001630656,1.625645138,0.2445,1.567734,1.812234,1.33008,5.512085039,50.35215204
1997,11,1998,N/A,198.6,107.75,0.67,9.55,0.010094639,0.00338845,0.001956787,1.605616656,0.252222,2.208432,2.460654,1.60866,-1.017617832,165.3936737
1997,12,1998,N/A,89.5,9.721,0.81,5.12,0.009318128,0.035465776,0.000978393,1.575573933,0.11098,1.43558,1.54656,0.88605,-5.521439232,77.44341674
1998,1,1998,N/A,184,67.746,0.66,7.68,0.003882553,0.121080611,0.001630656,1.608954737,0.09936,1.58792,1.68728,1.1408,-6.096660898,137.7444309
1998,2,1998,N/A,71.2,29.986,0.75,5.98,0.003882553,0.068220792,0.000978393,1.598940496,0.029904,0.634392,0.664296,0.50552,-3.467812161,81.52455554
1998,3,1998,N/A,143.8,169.929,0.58,7.66,0.013977193,0.083807662,0.001630656,1.348584468,0.142362,1.978688,2.12105,1.13602,-1.356779767,105.523799
1998,4,1998,N/A,56.3,180.041,0.48,8.95,0.005435575,0.038854226,0.002282918,1.191694691,0.23083,1.194123,1.424953,1.15415,4.82715052,68.2681032
1998,5,1998,N/A,103.9,69.508,0.53,10.28,0.003882553,0.002258967,0.002609049,1.211723173,0.55067,1.428625,1.979295,1.96371,13.06330762,79.3251899
1998,6,1999,N/A,345,239.328,0.59,11.47,0.003882553,0.002258967,0.002282918,1.144961566,0.3519,2.76345,3.11535,3.4155,14.57125565,265.5259407
1998,7,1999,N/A,155.4,63.182,0.62,13.24,0.003882553,0.002258967,0.001956787,1.178342369,0.259518,1.420356,1.679874,2.43978,17.39059395,126.2322782
1998,8,1999,N/A,101.2,14.912,0.78,15.19,0.005435575,0.00271076,0.003913574,1.422022236,0.284372,1.460316,1.744688,2.2264,17.06798961,113.8084811
1998,9,1999,N/A,82.5,15.898,0.74,9.24,0.003882553,0.002258967,0.002609049,1.412007995,0.429825,1.54605,1.975875,2.706,13.10663682,98.74658097
1998,10,1999,N/A,132.5,83.413,0.67,12.58,0.003882553,0.002258967,0.003587442,1.512150406,0.208025,1.874875,2.0829,2.02725,6.997794405,104.1145576
1998,11,1999,N/A,135.5,55.692,0.65,8.38,0.003882553,0.02846298,0.001304525,1.542193129,0.3523,2.55824,2.91054,2.01895,0.694748629,98.23810288
1998,12,1999,N/A,73.5,69.126,0.65,8.83,0.003882553,0.043146263,0.001956787,1.54553121,0.146265,1.570695,1.71696,0.99225,-2.469211545,48.64164517
1999,1,1999,-9.161290323,212,88.386,0.54,9.97,0.003882553,0.17800657,0.00293518,1.385303352,0.06996,2.48252,2.55248,1.2508,-8.473202355,166.7812651
1999,2,1999,-5.464285714,80.3,21.138,0.73,7.05,0.003882553,0.128309305,0.001304525,1.478769602,0.197538,1.467884,1.665422,1.46949,-5.810078639,39.21531726
1999,3,1999,-3,171,111.141,0.57,10.25,0.003882553,0.187268334,0.003261311,1.288499021,0.13167,1.24146,1.37313,1.6758,-2.507757111,146.0575915
1999,4,1999,3.166666667,19.7,162.924,0.61,9.27,0.003882553,0.104138362,0.002282918,1.261794379,0.206062,1.066558,1.27262,0.89635,3.732244582,24.47873359
1999,5,1999,10.90322581,148.8,153.242,0.51,13.12,0.014753703,0.015135076,0.006196492,1.038142994,0.166656,0.88536,1.052016,1.22016,11.67609385,104.0194943
1999,6,2000,16,80.8,9.482,0.74,7.54,0.003882553,0.002258967,0.001956787,1.355260629,0.27472,1.344512,1.619232,1.59176,17.04520624,82.45772263
1999,7,2000,18.29032258,131.9,17.755,0.77,10.16,0.003882553,0.002484863,0.00293518,1.331894066,0.336345,1.394183,1.730528,1.95212,18.71077557,109.726835
1999,8,2000,14.93548387,82.4,5.167,0.91,10.61,0.003882553,0.002936657,0.004239705,1.415346075,0.458968,1.92404,2.383008,2.99112,15.97669255,85.46430535
1999,9,2000,13.36666667,312.6,174.95,0.61,17,0.01164766,0.004517933,0.008805541,1.18501853,0.26571,1.481724,1.747434,2.12568,14.55178458,271.7303818
1999,10,2000,2.967741935,80.1,65.251,0.66,9.1,0.003882553,0.002258967,0.002282918,1.408669915,0.070488,0.749736,0.820224,0.80901,5.093020596,112.3835436
1999,11,2000,0.066666667,128,96.755,0.66,8.53,0.006988596,0.03049605,0.001956787,1.472093442,0.50944,2.5664,3.07584,2.5344,2.790888789,94.28215278
1999,12,2000,-6.64516129,63,26.854,0.71,6.31,0.004659064,0.069802069,0.001304525,1.515488486,0.10773,1.21653,1.32426,1.0773,-4.450373215,47.35658211
2000,1,2000,-12.06451613,123.1,20.286,0.77,4.45,0.003882553,0.156320491,0.001304525,1.512150406,0.327446,2.556787,2.884233,1.9696,-10.19449387,110.8973431
2000,2,2000,-7.586206897,100,24.683,0.87,6.4,0.013977193,0.4332698,0.001956787,1.682392505,0.206,1.395,1.601,1.16,-6.465822667,90.69835248
2000,3,2000,-0.580645161,114.6,100.178,0.65,7.45,0.005435575,0.331164508,0.001630656,1.4620792,0.443502,2.408892,2.852394,2.4639,0.142215188,88.05784684
2000,4,2000,0.966666667,245.4,322.775,0.49,8.05,0.004659064,0.166485841,0.001956787,1.225075494,0.4908,2.996334,3.487134,3.63192,3.048227835,170.1937971
2000,5,2000,7.193548387,138.4,148.783,0.5,8.93,0.003882553,0.035691673,0.001630656,1.191694691,0.838704,2.327888,3.166592,3.5292,9.811962248,158.9408905
2000,6,2001,12.93333333,84.6,16.264,0.65,6.46,0.003882553,0.002258967,0.000978393,1.381965272,0.326556,1.263924,1.59048,1.95426,14.42329146,88.37873483
2000,7,2001,14.90322581,97.1,8.082,0.74,9.95,0.003882553,0.003840243,0.002282918,1.345246388,0.096129,0.940899,1.037028,0.99042,15.7168991,148.9408826
2000,8,2001,14.64516129,106.2,30.051,0.69,9.36,0.003882553,0.002258967,0.001956787,1.425360316,0.3186,1.461312,1.779912,2.1771,15.63386113,91.31240468
2000,9,2001,9.6,100.6,39.076,0.74,7.1,0.014753703,0.004517933,0.001956787,1.45874112,0.124744,0.958718,1.083462,1.36816,11.69291134,82.19151973
2000,10,2001,4.064516129,82.2,39.22,0.69,11.48,0.009318128,0.002258967,0.001956787,1.538855049,0.141384,0.839262,0.980646,1.08504,6.390886065,87.88329257
2000,11,2001,-1.5,112.7,55.277,0.71,8.13,0.003882553,0.014683283,0.001630656,1.535516969,0.189336,2.004933,2.194269,1.09319,0.444303802,97.98025609
2000,12,2001,-9.483870968,160.8,107.575,0.66,7.35,0.003882553,0.067994896,0.001630656,1.36193679,0.085224,1.130424,1.215648,0.85224,-9.026139006,135.3250682
2001,1,2001,-8.193548387,54.9,7.068,0.75,4.39,0.003882553,0.082904075,0.000652262,1.452064959,0.091134,1.315953,1.407087,0.59292,-8.334050504,39.95164668
2001,2,2001,-8.678571429,116.7,7.882,0.93,5.34,0.004659064,0.212116967,0.000978393,1.592264335,0.201891,2.22897,2.430861,1.33038,-7.725886049,88.4082264
2001,3,2001,-6.096774194,134.5,4.22,0.88,4.09,0.010094639,0.164000977,0.001304525,1.522164647,0.092805,1.591135,1.68394,0.7801,-4.998734184,149.4405073
2001,4,2001,1.266666667,56.9,189.675,0.62,9.56,0.004659064,0.279885965,0.002282918,1.385303352,0.269706,1.247817,1.517523,1.84356,2.964810139,25.46949377
2001,5,2001,9.580645161,62.7,137.181,0.48,8.95,0.003882553,0.071609242,0.002282918,1.104904601,0.16302,0.742368,0.905388,0.90288,11.18683566,53.26341788
2001,6,2002,15.76666667,126.9,76.403,0.49,11.85,0.01087115,0.01287611,0.003587442,1.054833396,0.162432,1.185246,1.347678,1.35783,15.85531672,111.5689889
2001,7,2002,15,118,12.561,0.71,9.31,0.003882553,0.002484863,0.003587442,1.27180862,0.23954,1.11982,1.35936,1.77,15.93183542,95.65658231
2001,8,2002,17.48387097,45.1,0.281,0.7,10.3,0.003882553,0.002258967,0.004239705,1.315203664,0.153791,0.933119,1.08691,1.46575,18.24189872,45.88202624
2001,9,2002,11.43333333,157,47.828,0.65,19.53,0.029507407,0.003162553,0.005218098,1.488783843,0.19782,1.19791,1.39573,1.5386,12.76563263,133.4708845
2001,10,2002,4.709677419,64.6,16.572,0.81,7.56,0.003882553,0.00271076,0.001304525,1.625645138,0.21318,1.22417,1.43735,1.35014,7.378924092,57.23924101
2001,11,2002,-0.133333333,91.9,46.351,0.78,10.74,0.003882553,0.016716353,0.002282918,1.809239559,0.322569,2.303933,2.626502,1.84719,2.190189896,64.71493907
2001,12,2002,-3.032258065,82.1,36.529,0.74,8.06,0.004659064,0.01152073,0.001304525,1.669040183,0.119045,1.360397,1.479442,0.94415,-2.20037971,65.31670689
2002,1,2002,-5.580645161,103.9,9.762,0.94,5.44,0.004659064,0.092617632,0.000978393,1.695744826,0.211956,2.03644,2.248396,0.9351,-4.693860676,72.9101266
2002,2,2002,-6.214285714,76.5,25.91,0.84,7.9,0.003882553,0.153157938,0.001304525,1.799225318,0.13923,0.999855,1.139085,0.94095,-5.597974795,91.55822879
2002,3,2002,-3.225806452,151.5,64.285,0.72,8.16,0.003882553,0.147736418,0.000978393,1.725787549,0.352995,2.158875,2.51187,1.9695,-2.779367079,105.8107606
2002,4,2002,2.666666667,155.3,292.487,0.54,8.97,0.006212086,0.074320002,0.004239705,1.341908307,0.451923,2.459952,2.911875,2.54692,4.520569518,133.3839229
2002,5,2002,7.35483871,144.5,102.841,0.51,10.49,0.003882553,0.015360973,0.001956787,1.225075494,0.368475,1.5606,1.929075,1.8496,8.200379939,126.6031626
2002,6,2003,14.26666667,129.2,57.558,0.55,14.36,0.003882553,0.002484863,0.003261311,1.27180862,0.480624,2.148596,2.62922,3.20416,14.02702516,171.7264514
2002,7,2003,17.25806452,60.5,5.062,0.71,7.2,0.003882553,0.002484863,0.001630656,1.45540304,0.124025,1.30317,1.427195,1.7061,17.6527215,68.10620117
2002,8,2003,17.87096774,51.8,0.2,0.68,9.16,0.006988596,0.002258967,0.002609049,1.415346075,0.027454,0.531468,0.558922,0.68894,18.17417715,47.05303839
2002,9,2003,13.66666667,130.9,19.902,0.74,11.39,0.02251881,0.011746626,0.003913574,1.759168353,0.133518,0.566797,0.700315,1.02102,14.52658224,118.513038
2002,10,2003,2.129032258,111.4,47.68,0.71,9.79,0.003882553,0.002936657,0.001630656,1.712435228,0.27293,1.688824,1.961754,1.88266,4.751455766,97.61493866
2002,11,2003,-3.566666667,153.2,106.089,0.63,9.08,0.003882553,0.008584073,0.001630656,1.488783843,0.219076,1.718904,1.93798,1.21028,-1.264177236,125.8992426
2002,12,2003,-8.64516129,111.3,21.582,0.72,6.92,0.003882553,0.047438299,0.000978393,1.54553121,0.08904,0.721224,0.810264,0.51198,-6.727341712,83.81556634
2003,1,2003,-14.64516129,53.9,9.468,0.76,5.89,0.003882553,0.067091309,0.000978393,1.558883531,0.045815,0.823053,0.868868,0.35035,-12.77297465,60.7908852
2003,2,2003,-12.14285714,62.4,2.399,0.88,3.97,0.003882553,0.125824441,0.000978393,1.535516969,0.086736,0.810576,0.897312,0.54288,-10.32113948,60.2489865
2003,3,2003,-5.064516129,99.2,88.144,0.71,7.5,0.003882553,0.341103961,0.001630656,1.582250094,0.205344,1.47312,1.678464,1.488,-3.570379767,77.1532925
2003,4,2003,0.533333333,81,170.196,0.54,8.91,0.003882553,0.122661888,0.002282918,1.311865584,0.162,1.04409,1.20609,1.0449,2.056202578,66.7767081
2003,5,2003,7.935483871,160.1,128.628,0.52,10.05,0.003882553,0.026204013,0.002282918,1.258456298,0.366629,1.58499,1.951619,2.4015,9.560506519,121.4589873
2003,6,2004,14.63333333,70.3,31.844,0.59,8.14,0.003882553,0.002258967,0.001630656,1.341908307,0.130055,0.692455,0.82251,1.16698,15.08177229,72.70354597
2003,7,2004,17.06451613,122.5,11.927,0.68,9.94,0.003882553,0.011746626,0.001630656,1.418684156,0.30625,1.40875,1.715,2.303,17.66398652,114.3093691
2003,8,2004,16.48387097,262.9,147.595,0.5,17.53,0.003882553,0.003614347,0.003587442,1.138285405,0.39435,1.745656,2.140006,2.97077,17.80898695,153.7677253
2003,9,2004,11.6,208.9,116.627,0.57,18.68,0.017083235,0.002258967,0.002282918,1.225075494,0.415711,1.4623,1.878011,2.96638,13.05993649,156.4599974
2003,10,2004,3.322580645,215.6,161.293,0.53,16.12,0.008541618,0.0135538,0.004565836,1.18835661,0.135828,1.321628,1.457456,1.078,5.568544273,184.9530356
2003,11,2004,-0.7,169.1,145.272,0.53,9.68,0.003882553,0.011746626,0.002282918,1.261794379,0.216448,1.706219,1.922667,2.13066,1.285949349,118.313545
2003,12,2004,-6.516129032,248.7,162.868,0.5,7.37,0.003882553,0.082452282,0.001630656,1.18168045,0.084558,1.484739,1.569297,1.34298,-5.973544296,184.0472196
2004,1,2004,-14.80645161,45.9,14.936,0.6,6.64,0.003882553,0.042242676,0.001304525,1.335232147,0.099603,0.987768,1.087371,0.70686,-14.06329133,25.98341749
2004,2,2004,-8,47.8,1.934,0.79,3.89,0.003882553,0.043372159,0.000978393,1.435374558,0.084128,0.858966,0.943094,0.67876,-7.853037991,34.71126479
2004,3,2004,-2.451612903,88.1,45.828,0.69,6.64,0.003882553,0.301572045,0.001630656,1.468755361,0.448429,2.876465,3.324894,2.25536,-1.721582274,49.24354389
2004,4,2004,2.666666667,120.3,206.03,0.5,7.82,0.007765107,0.150221281,0.001630656,1.205047012,0.318795,1.153677,1.472472,1.45563,3.749683576,119.1321508
2004,5,2004,8.258064516,157.6,109.595,0.49,10.45,0.003882553,0.010391246,0.002282918,1.114918842,0.400304,1.763544,2.163848,2.0488,11.29563277,151.2499998
2004,6,2005,12.96666667,85.5,21.003,0.58,6.89,0.003882553,0.00406614,0.000978393,1.281822861,0.25137,1.132875,1.384245,1.9152,13.58613947,75.01810079
2004,7,2005,16.19354839,160.6,50.436,0.64,8.21,0.003882553,0.003614347,0.001630656,1.345246388,0.290686,1.748934,2.03962,2.63384,16.88398772,131.0718925
2004,8,2005,15.96774194,186.8,82.317,0.62,11.79,0.006988596,0.002258967,0.00293518,1.298513263,0.267124,1.445832,1.712956,3.3624,16.43829085,168.7137998
2004,9,2005,12.53333333,96.5,62.174,0.63,9.89,0.004659064,0.002258967,0.001956787,1.295175182,0.070445,0.688045,0.75849,0.772,13.11158227,100.5065839
2004,10,2005,4.516129032,58.9,21.637,0.69,7.73,0.003882553,0.002258967,0.001956787,1.36193679,0.054777,0.401109,0.455886,0.63023,6.241012615,45.81151967
2004,11,2005,-2.066666667,160.6,124.347,0.59,9.94,0.003882553,0.146381038,0.000652262,1.27848478,0.138116,1.210924,1.34904,1.41328,0.303037933,110.3088578
2004,12,2005,-7.677419355,163.9,100.971,0.59,6.43,0.003882553,0.125372648,N/A,1.231751655,0.140954,1.752091,1.893045,1.29481,-6.886518828,120.9436705
2005,1,2005,-12.09677419,79.9,28.384,0.7,4.35,0.003882553,0.187946024,N/A,1.36861295,0.078302,1.079449,1.157751,0.63121,-10.44158241,70.48632938
2005,2,2005,-7.071428571,106.5,6.731,0.8,3.52,0.003882553,0.134408514,N/A,1.378627191,0.075615,1.112925,1.18854,0.9585,-6.443164662,70.81354378
2005,3,2005,-5.580645161,97.7,20.78,0.69,6.45,0.003882553,0.324613505,N/A,1.348584468,0.094769,0.931081,1.02585,0.64482,-4.922278573,95.51709158
2005,4,2005,4.333333333,208.8,414.709,0.47,7.49,0.003882553,0.206921343,N/A,1.041481074,0.359136,1.682928,2.042064,2.61,4.745506196,159.168858
2005,5,2005,6.677419355,83,79.04,0.48,7.85,0.003882553,0.048341886,N/A,1.09489036,0.24568,1.09311,1.33879,1.1952,7.448291084,134.4429101
2005,6,2006,17.23333333,187.2,107.53,0.51,9.9,0.003882553,0.002258967,N/A,1.084876119,0.4212,1.579968,2.001168,2.82672,17.05696256,145.9555703
2005,7,2006,17.70967742,123.2,46.538,0.6,8.5,0.003882553,0.002258967,N/A,1.261794379,0.360976,0.983136,1.344112,2.63648,18.62835469,106.8235462
2005,8,2006,17.09677419,241.8,81.6,0.61,10.65,0.003882553,0.002258967,N/A,1.381965272,0.32643,1.327482,1.653912,2.80488,17.56423984,128.3343019
2005,9,2006,13.1,92.4,45.243,0.66,8.53,0.003882553,0.002258967,N/A,1.395317593,0.169092,0.828828,0.99792,1.42296,14.42297472,101.2510136
2005,10,2006,4.967741935,345.6,283.404,0.48,10.98,0.003882553,0.002258967,N/A,1.061509557,0.131328,0.162432,0.29376,0.38016,7.544999907,348.4910047
2005,11,2006,-1.066666667,181.7,147.793,0.55,6.75,0.003882553,0.064380549,N/A,1.154975807,0.201687,1.829719,2.031406,1.90785,0.82430381,159.8575932
2005,12,2006,-8.741935484,107,53.391,0.56,5.22,0.003882553,0.184331677,N/A,1.265132459,0.03317,1.07214,1.10531,0.749,-6.696012624,101.005314
2006,1,2006,-5.161290323,167.1,135.236,0.59,5.54,0.003882553,0.242387119,N/A,1.18835661,0.148719,1.709433,1.858152,1.47048,-4.169430359,108.402281
2006,2,2006,-9,72.5,47.615,0.59,5.24,0.003882553,0.189075507,N/A,1.171666209,0.12325,1.3862,1.50945,0.7685,-7.301012697,60.16341811
2006,3,2006,-3.225806452,54.7,45.804,0.6,5.63,0.003882553,0.300442562,N/A,1.18835661,0.341328,1.731255,2.072583,1.8051,-3.227341761,44.54721369
2006,4,2006,3.5,81.6,114.165,0.58,5.5,0.003882553,0.233125356,N/A,1.108242682,0.20808,0.939216,1.147296,1.29744,4.656835393,86.07518894
2006,5,2006,9.612903226,272.8,224.869,0.43,9.57,0.003882553,0.017845836,N/A,0.841196252,0.280984,0.807488,1.088472,1.39128,10.44594968,232.2177253
2006,6,2007,15,193.9,87.43,0.52,8.44,0.01087115,0.002258967,N/A,0.99808603,0.215229,1.359239,1.574468,2.09412,15.37037981,243.058355
2006,7,2007,18.16129032,129.3,39.575,0.63,6.96,0.004659064,0.00406614,N/A,1.198370852,0.054306,0.288339,0.342645,2.37912,18.8697469,157.2912687
2006,8,2007,14.09677419,83,4.312,0.75,6.94,0.003882553,0.002258967,N/A,1.255118218,0.12948,0.59179,0.72127,1.2533,15.64126542,119.6811402
2006,9,2007,9.7,79.7,6.931,0.82,11.56,0.003882553,0.002258967,N/A,1.418684156,0.120347,0.679841,0.800188,1.17956,12.17702532,76.41379789
2006,10,2007,3.806451613,294.5,213.007,0.52,10.35,0.003882553,0.032755016,N/A,1.128271164,0.120745,1.257515,1.37826,1.6492,5.919999907,231.6174683
2006,11,2007,2.2,146.9,145.569,0.45,10.62,0.003882553,0.032303223,N/A,0.951352904,0.047008,0.525902,0.57291,0.83733,3.882531736,111.9065838
2006,12,2007,-4.35483871,134.1,76.914,0.55,6.42,0.003882553,0.107752708,N/A,1.154975807,0.138123,1.598472,1.736595,1.19349,-1.712658232,103.275445
2007,1,2007,-9.483870968,92.3,53.082,0.56,5.66,0.003882553,0.194045234,N/A,1.131609244,0.058149,0.861159,0.919308,0.58149,-7.61512661,84.81835464
2007,2,2007,-12.75,77.6,2.654,0.81,3.04,0.003882553,0.129890581,N/A,1.288499021,0.04268,0.793848,0.836528,0.25608,-11.38905065,62.5694936
2007,3,2007,-4.451612903,102,36.973,0.7,4.98,0.003882553,0.323709918,N/A,1.201708932,0.14892,1.01898,1.1679,1.0506,-4.199936686,89.62189918
2007,4,2007,1.366666667,196.7,198.184,0.43,7.09,0.003882553,0.193141647,N/A,0.994747949,0.269479,1.286418,1.555897,1.53426,1.981962008,179.0699994
2007,5,2007,8.967741935,76.7,123.512,0.43,7.4,0.003882553,0.110689365,N/A,0.978057547,0.266916,0.661154,0.92807,1.33458,10.468481,91.71076135
2007,6,2008,15.23333333,86.9,22.599,0.57,8.24,0.003882553,0.002258967,N/A,1.074861878,0.370194,0.998481,1.368675,1.68586,15.02905053,96.42784573
2007,7,2008,17.29032258,163.1,58.923,0.65,7.31,0.003882553,0.002258967,N/A,1.148299646,0.484407,1.348837,1.833244,2.52805,16.24911407,152.6616508
2007,8,2008,17.32258065,97.1,15.775,0.7,6.29,0.003882553,0.004292037,N/A,1.348584468,0.397139,1.158403,1.555542,2.97126,16.64063251,83.89493841
2007,9,2008,13.2,113.8,23.361,0.71,7.34,0.003882553,0.002258967,N/A,1.36527487,0.249222,0.862604,1.111826,1.7639,13.4644937,97.97202427
2007,10,2008,8.161290323,185.9,113.446,0.61,7.53,0.003882553,0.002258967,N/A,1.281822861,0.156156,1.028027,1.184183,1.65451,9.195252757,153.8125284
2007,11,2008,-3.433333333,137.5,100.12,0.63,5.08,0.003882553,0.020104803,0.000326131,1.285160941,0.539,2.349875,2.888875,2.73625,-1.059936687,126.0016408
2007,12,2008,-8.451612903,172.8,37.397,0.6,7.32,0.003882553,0.093973012,N/A,1.321879825,0.10368,1.39104,1.49472,1.0368,-7.160253066,124.8896183
2008,1,2008,-8.161290323,90.8,67.398,0.61,5.85,0.003882553,0.089455079,N/A,1.258456298,0.096248,1.031488,1.127736,0.69916,-6.726708986,67.6027862
2008,2,2008,-8.586206897,216.2,63.014,0.62,5.67,0.003882553,0.088777389,N/A,1.27848478,0.231334,2.123084,2.354418,1.75122,-6.949683389,184.8379754
2008,3,2008,-5.774193548,169.5,65.625,0.59,6.14,0.003882553,0.110237572,N/A,1.211723173,0.2373,1.68483,1.92213,1.33905,-4.62499997,131.203547
2008,4,2008,4.3,123,373.92,0.42,7.84,0.003882553,0.070027966,N/A,0.951352904,0.30381,1.24968,1.55349,1.8081,5.280759612,109.2343047
2008,5,2008,8.35483871,48.2,84.2,0.42,7.73,0.003882553,0.023267356,N/A,0.894605538,0.167254,0.67239,0.839644,1.0122,8.823924016,33.36873492
2008,6,2009,15.86666667,153.2,46.525,0.51,11.1,0.003882553,0.002258967,N/A,1.061509557,0.52088,1.994664,2.515544,3.27848,15.82987351,162.5668291
2008,7,2009,17.70967742,161.9,64.59,0.59,12.23,0.003882553,0.002258967,N/A,1.121595003,0.255802,1.008637,1.264439,2.49326,17.98911438,199.7464544
2008,8,2009,15.67741935,245,164.319,0.49,13.81,0.003882553,0.002258967,N/A,0.958029065,0.1225,1.274,1.3965,1.715,15.58468335,174.9434208
2008,9,2009,11.83333333,173,58.054,0.51,13.7,0.003882553,0.002258967,N/A,1.00142411,0.14186,0.60723,0.74909,1.1764,13.03936693,137.7522844
2008,10,2009,5.258064516,167.2,90.498,0.54,8.75,0.003882553,0.002258967,0.000326131,1.078199958,0.21736,1.183776,1.401136,1.672,5.560189718,133.8658246
2008,11,2009,-0.566666667,174.3,93.187,0.51,7.91,0.003882553,0.00813228,N/A,1.078199958,0.134211,1.014426,1.148637,0.95865,0.07563291,119.3163294
2008,12,2009,-7.35483871,161.7,91.124,0.42,7.55,0.003882553,0.032980913,N/A,0.921310181,0.082467,0.871563,0.95403,0.58212,-5.996708834,161.2858251
2009,1,2009,-13.12903226,95.1,9.197,0.58,5.29,0.003882553,0.056474166,N/A,1.131609244,0.03804,0.771261,0.809301,0.26628,-11.9956332,74.19341973
2009,2,2009,-7.785714286,104.5,26.032,0.64,5.29,0.003882553,0.100298118,N/A,1.18835661,0.235125,1.399255,1.63438,1.09725,-6.99246823,70.61797497
2009,3,2009,-2.967741935,92.5,55.761,0.5,7.38,0.003882553,0.126276235,N/A,1.104904601,0.185,0.938875,1.123875,1.02675,-2.680632893,72.63911496
2009,4,2009,3.733333333,92.5,240.618,0.4,8.26,0.003882553,0.052633922,0.000326131,0.881253217,0.148,0.937025,1.085025,0.89725,4.784556974,86.89759634
2009,5,2009,9.161290323,162.9,90.619,0.41,9.49,0.003882553,0.00271076,0.000326131,0.81782969,0.091224,0.599472,0.690696,1.04256,10.02348131,144.8570899
2009,6,2010,13.4,177,80.163,0.5,8.83,0.003882553,0.002258967,N/A,0.904619779,0.07611,0.55578,0.63189,0.7434,13.72683509,152.2536642
2009,7,2010,14.5483871,246.2,116.628,0.44,13.11,0.003882553,0.002258967,N/A,0.771096565,0.238814,1.48951,1.728324,2.16656,15.91689892,217.8634242
2009,8,2010,16.32258065,150.6,63.052,0.49,11.34,0.003882553,0.002258967,N/A,0.901281699,0.121986,0.868962,0.990948,1.2801,17.28480974,138.517976
2009,9,2010,9.9,72,13.526,0.6,11.42,0.003882553,0.002258967,N/A,1.058171476,0.07776,0.34776,0.42552,0.8208,11.69993682,53.38101404
2009,10,2010,2.580645161,187.9,128.954,0.46,12.84,0.003882553,0.002258967,N/A,0.921310181,0.148441,1.332211,1.480652,1.25893,4.530063333,154.9517747
2009,11,2010,2.6,120.1,95.04,0.5,8.17,0.003882553,0.002258967,N/A,0.934662503,0.014412,0.303853,0.318265,0.32427,3.091139238,115.4979735
2009,12,2010,-7.516129032,147,89.692,0.52,6.88,0.003882553,0.008584073,N/A,0.948014824,0.0294,0.53802,0.56742,0.441,-6.722594895,107.8684797
2010,1,2010,-8.64516129,90.1,69.535,0.62,5.48,0.003882553,0.044953436,N/A,1.00142411,0.020723,0.4505,0.471223,0.41446,-7.373164557,77.41506156
2010,2,2010,-6.892857143,76.4,10.135,0.68,3.43,0.003882553,0.062573376,N/A,1.098228441,0.016808,0.474444,0.491252,0.35144,-5.60525322,97.58430143
2010,3,2010,2.322580645,120.2,144.853,0.48,7.43,0.003882553,0.061443892,N/A,0.827843931,0.045676,0.42671,0.472386,0.51686,0.957088588,147.5772128
2010,4,2010,5.8,96.4,137.874,0.44,6.83,0.003882553,0.0135538,N/A,0.82116777,0.408736,1.420936,1.829672,1.8316,6.339810245,93.48595081
2010,5,2010,11.90322581,65.1,36.583,0.49,7.2,0.003882553,0.002258967,N/A,0.90795786,0.134757,0.563115,0.697872,0.50778,11.9212657,68.04037814
2010,6,2011,13.43333333,201.6,70.13,0.49,13.27,0.003882553,0.002258967,N/A,0.807815449,0.310464,1.389024,1.699488,2.29824,14.90987344,150.4913869
2010,7,2011,18.48387097,171,53.356,0.57,10.85,0.003882553,0.002258967,N/A,0.944676744,0.1539,0.86184,1.01574,1.4364,19.15537926,118.9489895
2010,8,2011,15.90322581,88.2,11.179,0.7,10.23,0.003882553,0.002258967,N/A,1.031466833,0.111132,0.739116,0.850248,0.84672,16.70069632,105.1453165
2010,9,2011,11.8,171.8,53.165,0.51,18.27,0.003882553,0.002258967,N/A,0.837858172,0.13744,1.596022,1.733462,2.11314,13.77208846,99.29721514
2010,10,2011,3.64516129,175.3,139.047,0.47,13.04,0.003882553,0.002258967,N/A,0.797801208,0.152511,0.91156,1.064071,0.80638,6.036455613,248.5968356
2010,11,2011,-1.533333333,101.4,75.795,0.54,7.02,0.003882553,0.002258967,N/A,1.018114512,0.077064,0.634764,0.711828,0.59826,0.543101262,92.20519054
2010,12,2011,-7.870967742,159,128.139,0.47,7.31,0.003882553,0.01016535,N/A,0.897943619,0.01908,0.5247,0.54378,0.4134,-7.010506473,115.0839241
2011,1,2011,-10.61290323,75.2,12.239,0.65,5.19,0.003882553,0.019878906,N/A,1.098228441,0.020304,0.596336,0.61664,0.1504,-9.528734268,61.73835624
2011,2,2011,-8.785714286,133.5,2.932,0.76,3.87,0.003882553,0.057829546,N/A,1.168328128,0.062745,0.970545,1.03329,0.49395,-8.631519112,90.27632981
2011,3,2011,-4,171,136.376,0.47,6.66,0.003882553,0.172585051,N/A,0.807815449,0.09405,0.8037,0.89775,0.8379,-3.665759476,126.4864575
2011,4,2011,2.9,209.7,307.377,0.37,8.18,0.003882553,0.051956232,N/A,0.721025359,0.429885,1.490967,1.920852,1.90827,3.568987427,153.7467087
2011,5,2011,9.709677419,139,179.496,0.35,9.7,0.003882553,0.002258967,N/A,0.64091143,0.07228,0.84929,0.92157,1.0008,11.85183563,160.4901278
2011,6,2012,14.03333333,127.8,37.605,0.53,10.19,0.003882553,0.002258967,N/A,0.797801208,0.130356,1.019844,1.1502,0.92016,14.87113933,112.686075
2011,7,2012,18.61290323,72.2,4.882,0.6,8.6,0.003882553,0.002258967,N/A,0.927986342,0.148732,0.80864,0.957372,0.80142,18.60772143,84.36316739
2011,8,2012,16.67741935,360.9,186.751,0.45,14.23,0.003882553,0.002258967,N/A,0.717687279,0.166014,0.801198,0.967212,1.37142,17.02702515,268.5873336
2011,9,2012,13.3,201.1,93.484,0.47,12.3,0.003882553,0.003614347,N/A,0.774434645,0.16088,0.530904,0.691784,0.94517,14.42012655,151.3662036
2011,10,2012,5.806451613,162.3,132.853,0.45,10.82,0.003882553,0.002258967,N/A,0.761082324,0.047067,0.43821,0.485277,0.4869,7.530822905,150.4372128
2011,11,2012,1.6,101.1,72.976,0.44,10.5,0.003882553,0.01152073,N/A,0.734377681,0.022242,0.336663,0.358905,0.27297,3.298924138,84.76873461
2011,12,2012,-4.129032258,122.8,81.43,0.51,7.27,0.003882553,0.042242676,N/A,0.874577056,0.115432,1.20958,1.325012,0.69996,-3.027848111,99.64797462
2012,1,2012,-7.774193548,134,47.977,0.59,5.59,0.003882553,0.074320002,N/A,0.981395628,0.09782,1.0988,1.19662,0.6432,-6.837215261,82.08139444
2012,2,2012,-6.517241379,34,11.84,0.6,5.4,0.003882553,0.099168635,N/A,0.981395628,0.06596,0.45866,0.52462,0.3196,-4.750442952,29.28670902
2012,3,2012,-0.225806452,75.8,140.589,0.43,7.39,0.003882553,0.160386631,N/A,0.744391922,0.19329,1.089246,1.282536,0.8717,2.119493641,48.80113945
2012,4,2012,5.466666667,94.5,73.029,0.41,10.77,0.003882553,0.067768999,N/A,0.654263752,0.140805,0.66717,0.807975,0.55755,4.55810128,97.2448094
2012,5,2012,11.64516129,233.4,159.573,0.46,7.42,0.003882553,0.021460183,N/A,0.811153529,0.226398,1.55211,1.778508,1.21368,12.34132907,165.8845547
2012,6,2013,14.43333333,218.8,125.989,0.47,9.03,0.003882553,0.002258967,N/A,0.784448886,0.056888,0.48136,0.538248,0.59076,14.8469621,140.8682257
2012,7,2013,18.58064516,103.1,8.068,0.62,7.86,0.003882553,0.002258967,N/A,0.964705226,0.161867,0.722731,0.884598,0.60829,18.35417745,90.26886131
2012,8,2013,17.77419355,192.6,74.923,0.48,15.25,0.034166471,0.01016535,N/A,0.580825984,0.179118,1.263456,1.442574,1.21338,17.96841783,115.8787353
2012,9,2013,11.4,162.8,62.843,0.49,15.74,0.003882553,0.004517933,N/A,0.717687279,0.026048,0.481888,0.507936,0.78144,12.45727835,141.1497451
2012,10,2013,6.064516129,177.5,126.548,0.47,13.09,0.003882553,0.002258967,N/A,0.7310396,0.0284,0.6035,0.6319,0.7455,8.281455776,161.6182239
2012,11,2013,-3.566666667,23.8,26.472,0.54,8.38,0.003882553,0.00338845,N/A,0.844534333,0.018564,0.178738,0.197302,0.15232,-0.329746829,20.99949356
2012,12,2013,-4.677419355,169.2,82.286,0.52,6.88,0.003882553,0.069802069,N/A,0.867900895,0.1269,1.10826,1.23516,0.71064,-3.481645569,150.9917684
2013,1,2013,-10.09677419,84.7,70.283,0.37,9.86,0.003882553,0.124469061,N/A,0.63423527,0.087241,1.035034,1.122275,0.44044,-8.229367135,56.81531612
2013,2,2013,-8.607142857,84.6,16.887,0.52,6.06,0.003882553,0.129438788,N/A,0.837858172,0.048222,0.870534,0.918756,0.31302,-6.947215171,78.73176971
2013,3,2013,N/A,97.4,45.471,0.53,6.34,0.004659064,0.19156037,0.000326131,0.897943619,0.081816,0.651606,0.733422,0.44804,-2.631012621,65.15126578
2013,4,2013,N/A,73.3,157.959,0.45,7.61,0.002329532,0.131923651,0.001304525,0.777772725,0.299064,1.045991,1.345055,0.85028,3.176708858,68.94240222
2013,5,2013,N/A,132.9,121.005,0.42,9.98,0.002329532,0.038854226,0.001304525,0.687644555,0.213969,0.975486,1.189455,0.78411,11.06905102,161.6824061
2013,6,2014,N/A,178.6,85.537,0.47,9.5,0.006212086,0.007002797,0.001630656,0.737715761,0.225036,1.3395,1.564536,0.9823,15.21822783,190.7624029
2013,7,2014,N/A,220.4,117.09,0.52,9.98,0.002329532,0.0067769,0.000978393,0.771096565,0.200564,1.353256,1.55382,0.9918,19.35702507,191.083291
2013,8,2014,N/A,100.2,25.309,0.58,10.66,0.003882553,0.007228693,0.001956787,0.787786966,0.141282,0.64128,0.782562,0.56112,16.14765797,97.29645587
2013,9,2014,N/A,130.2,44.676,0.57,15.06,0.004659064,0.009713557,0.001630656,0.72436344,0.173166,0.727818,0.900984,0.651,12.45772181,139.8463291
2013,10,2014,N/A,66.9,14.109,0.68,8.38,0.004659064,0.008358177,0.000978393,0.887929377,0.122427,0.586044,0.708471,0.37464,7.431645599,54.34189963
2013,11,2014,N/A,138.9,95.644,0.5,11.67,0.008541618,0.091262252,0.001304525,0.704334957,0.147234,1.009803,1.157037,0.51393,-1.239303776,108.207597
2013,12,2014,N/A,98.8,37.136,0.55,7.89,0.006988596,0.147284624,0.001630656,0.837858172,0.101764,0.860548,0.962312,0.50388,-6.841582244,90.43468359
2014,1,2014,N/A,116.3,72.587,0.49,7.76,0.003882553,0.224315386,0.001304525,0.747730002,0.096529,1.047863,1.144392,0.50009,-10.2102532,92.42873469
2014,2,2014,N/A,92.4,4.593,0.73,3.41,0.017859746,0.161967907,0.000652262,1.048157235,0.093324,0.72072,0.814044,0.37884,-9.133987523,93.81822658
2014,3,2014,N/A,122.9,11.285,0.66,6.59,0.003106043,0.307445358,0.000978393,0.994747949,0.248258,0.854155,1.102413,0.66366,-8.041835556,96.98974706
2014,4,2014,N/A,104.7,223.338,0.47,7.56,0.007765107,0.22883332,0.000978393,0.687644555,0.159144,0.591555,0.750699,0.56538,3.293227956,83.32379469
2014,5,2014,N/A,132,193.605,0.53,9.06,0.006988596,0.096006082,0.000652262,0.584164064,0.29304,1.28172,1.57476,0.9372,10.35322753,139.6518956
2014,6,2015,N/A,192.4,111.395,0.43,14,0.007765107,0.029592463,0.000652262,0.510726296,N/A,N/A,N/A,N/A,15.15354472,114.5051894
2014,7,2015,N/A,177.4,59.852,0.54,10.96,0.003106043,0.0067769,0.000652262,0.721025359,N/A,N/A,N/A,N/A,17.70480982,184.9846786
2014,8,2015,N/A,107.5,51.681,0.5,14.78,0.005435575,0.0067769,0.000652262,0.577487903,N/A,N/A,N/A,N/A,15.70113885,90.8191144
2014,9,2015,N/A,48.3,3.694,0.74,6.56,0.005435575,0.0067769,0.000652262,0.974719467,N/A,N/A,N/A,N/A,12.54936716,52.310886
2014,10,2015,N/A,229,135.018,0.49,17.72,0.006212086,0.012424316,0.000652262,0.600854466,N/A,N/A,N/A,N/A,8.111329103,165.3160731
2014,11,2015,N/A,91,47.519,0.49,8.81,0.003882553,0.053085716,0.000652262,0.670954154,N/A,N/A,N/A,N/A,-0.822974701,86.48164735
2014,12,2015,N/A,169.8,120.757,0.48,7.35,0.01087115,0.071157449,0.000652262,0.737715761,N/A,N/A,N/A,N/A,-3.601012598,142.6782275
2015,1,2015,N/A,100.5,32.436,0.53,6.88,0.003882553,0.097361462,0.000652262,0.787786966,N/A,N/A,N/A,N/A,-11.37721523,87.37885931
2015,2,2015,N/A,85.4,7.214,0.66,3.76,0.006212086,0.119499335,0.000652262,0.961367146,N/A,N/A,N/A,N/A,-14.73297469,60.28898722
2015,3,2015,N/A,57.8,6.008,0.71,3.63,0.002329532,0.133279031,0.000652262,1.048157235,N/A,N/A,N/A,N/A,-6.375696182,46.25987326
2015,4,2015,N/A,98.6,177.449,0.41,9.53,0.006988596,0.168293014,0.000652262,0.627559109,N/A,N/A,N/A,N/A,2.601265826,84.31050825
2015,5,2015,N/A,90.1,91.246,0.44,8.81,0.005435575,0.053989302,0.000978393,0.690982636,N/A,N/A,N/A,N/A,13.31556993,75.55733983
2015,6,2016,N/A,235.5,163.703,0.48,10.52,0.006988596,0.009713557,0.000652262,0.72770152,N/A,N/A,N/A,N/A,13.59981026,225.65443
2015,7,2016,N/A,191.5,99.463,0.45,13.67,0.006988596,0.01423149,0.000652262,0.557459421,N/A,N/A,N/A,N/A,17.2598734,115.4115186
2015,8,2016,N/A,94.4,21.502,0.59,10.09,0.012424171,0.01490918,0.000652262,0.757744243,N/A,N/A,N/A,N/A,17.62196225,96.58037982
2015,9,2016,N/A,169.1,51.046,0.45,21.8,0.010094639,0.033206809,0.000652262,0.500712055,N/A,N/A,N/A,N/A,15.42158228,151.2044284
2015,10,2016,N/A,96.6,57.428,0.63,8.54,0.003882553,0.0067769,0.000652262,0.811153529,N/A,N/A,N/A,N/A,5.622341808,106.1917752
2015,11,2016,N/A,79.7,58.611,0.6,8.61,0.004659064,0.01219842,0.000652262,0.771096565,N/A,N/A,N/A,N/A,2.726645675,67.62911543
2015,12,2016,N/A,189.7,125.483,0.53,8.7,0.005435575,0.040661399,0.000652262,0.72770152,N/A,N/A,N/A,N/A,0.359746834,129.3801273
2016,1,2016,N/A,71.3,53.52,0.44,8.3,0.003106043,0.063025169,0.000652262,0.647587591,N/A,N/A,N/A,N/A,-6.893860763,54.67303694
2016,2,2016,N/A,189.8,115.578,0.55,6.17,0.006212086,0.110689365,0.000652262,0.794463127,N/A,N/A,N/A,N/A,-5.423544159,119.1339249
2016,3,2016,N/A,120.9,127.575,0.49,6.18,0.004659064,0.082678179,0.000652262,0.72770152,N/A,N/A,N/A,N/A,-0.461329118,83.82911334
2016,4,2016,N/A,95,95.807,0.39,8.14,0.003882553,0.077934349,0.000652262,0.624221029,N/A,N/A,N/A,N/A,2.286202597,75.34708617
2016,5,2016,N/A,101.3,83.53,0.37,9.69,0.004659064,0.058733132,0.000652262,0.647587591,N/A,N/A,N/A,N/A,10.91322795,77.90468626
2016,6,2017,N/A,104.4,42.597,0.43,11.8,0.004659064,0.02236377,0.000652262,0.657601832,N/A,N/A,N/A,N/A,14.90487333,98.03784663
2016,7,2017,N/A,105.6,19.576,0.55,9.93,0.003106043,0.01016535,0.000652262,0.851210493,N/A,N/A,N/A,N/A,18.15417669,113.9739258
2016,8,2017,N/A,146.2,26.662,0.53,16.32,0.006212086,0.01423149,0.000652262,0.72770152,N/A,N/A,N/A,N/A,18.09569678,126.1236719
2016,9,2017,N/A,54.4,2.912,0.68,7.26,0.006212086,0.016716353,0.000652262,0.968043306,N/A,N/A,N/A,N/A,14.12727842,59.4764553
2016,10,2017,N/A,146.8,45.912,0.52,14.95,0.010094639,0.02371915,0.000978393,0.711011118,N/A,N/A,N/A,N/A,7.353734264,111.3420265
2016,11,2017,N/A,113.3,69.396,0.51,11.83,0.010094639,0.026881703,0.000978393,0.711011118,N/A,N/A,N/A,N/A,1.58594937,89.56417885
2016,12,2017,N/A,164.9,61.551,0.54,8.01,0.009318128,0.042016779,0.000652262,0.744391922,N/A,N/A,N/A,N/A,-5.946835295,112.243926
2017,1,2017,N/A,82.9,34.984,0.55,7.59,0.006212086,0.068672586,0.000652262,0.82116777,N/A,N/A,N/A,N/A,-5.443101237,78.32012785
2017,2,2017,N/A,124.6,77.986,0.47,10.42,0.003882553,0.120177025,0.000652262,0.644249511,N/A,N/A,N/A,N/A,-4.628987336,80.34430637
2017,3,2017,N/A,131.1,46.503,0.51,6.98,0.002329532,0.089455079,0.000652262,0.757744243,N/A,N/A,N/A,N/A,-5.934303761,90.20797652
2017,4,2017,N/A,175,302.617,0.32,10.07,0.006212086,0.056925959,0.000652262,0.474007412,N/A,N/A,N/A,N/A,5.771898662,120.0336697
2017,5,2017,N/A,184.4,134.873,0.37,9.86,0.004659064,0.018749423,0.000652262,0.590840225,N/A,N/A,N/A,N/A,9.38531633,193.3634182
2017,6,2018,N/A,157.5,66.043,0.46,12.47,0.008541618,0.00948766,0.000652262,0.630897189,N/A,N/A,N/A,N/A,14.82468352,161.4334195
2017,7,2018,N/A,143.6,89.364,0.42,19.93,0.015530214,0.00880997,0.000652262,0.383879242,N/A,N/A,N/A,N/A,17.17753208,120.1201273
2017,8,2018,N/A,88.4,14.44,0.61,17.79,0.010094639,0.02507453,0.000652262,0.63757335,N/A,N/A,N/A,N/A,15.84196198,97.95076221
2017,9,2018,N/A,65.4,14.399,0.55,14.6,0.004659064,0.019878906,0.000652262,0.704334957,N/A,N/A,N/A,N/A,15.04354465,75.78822607
2017,10,2018,N/A,305.6,195.209,N/A,N/A,N/A,N/A,N/A,N/A,N/A,N/A,N/A,N/A,10.66164536,217.2706316
2017,11,2018,N/A,122,72.245,N/A,N/A,N/A,N/A,N/A,N/A,N/A,N/A,N/A,N/A,-0.51829114,62.49379721
2017,12,2018,N/A,159.2,34.376,N/A,N/A,N/A,N/A,N/A,N/A,N/A,N/A,N/A,N/A,-8.73240518,101.6824026
2018,1,2018,N/A,144.4,120.15,N/A,N/A,N/A,N/A,N/A,N/A,N/A,N/A,N/A,N/A,-8.947468625,110.9317724
2018,2,2018,N/A,130.1,51.02,N/A,N/A,N/A,N/A,N/A,N/A,N/A,N/A,N/A,N/A,-4.17113918,78.03709006
2018,3,2018,N/A,104.8,30.138,N/A,N/A,N/A,N/A,N/A,N/A,N/A,N/A,N/A,N/A,-2.950253179,83.95784914
2018,4,2018,N/A,202.6,209.471,N/A,N/A,N/A,N/A,N/A,N/A,N/A,N/A,N/A,N/A,1.061582253,144.0029057
2018,5,2018,N/A,50.3,143.321,N/A,N/A,N/A,N/A,N/A,N/A,N/A,N/A,N/A,N/A,12.38113955,50.92139222
